Year,Units,Series,Territorio,Value
2019,Euros,"Gasto per cápita de las administraciones públicas autonómicas y locales en la preservación, protección y conservación del patrimonio cultural",Aragón,14.54
2021,Euros,"Gasto per cápita de las administraciones públicas autonómicas y locales en la preservación, protección y conservación del patrimonio cultural",España,26.54
2021,Euros,"Gasto per cápita de las administraciones públicas autonómicas y locales en la preservación, protección y conservación del patrimonio cultural",Aragón,17.55
2015,Euros,"Gasto per cápita de las administraciones públicas autonómicas y locales en la preservación, protección y conservación del patrimonio cultural",España,20.07
2018,Euros,"Gasto per cápita de las administraciones públicas autonómicas y locales en la preservación, protección y conservación del patrimonio cultural",Aragón,18.2
2020,Euros,"Gasto per cápita de las administraciones públicas autonómicas y locales en la preservación, protección y conservación del patrimonio cultural",Aragón,14.02
2017,Euros,"Gasto per cápita de las administraciones públicas autonómicas y locales en la preservación, protección y conservación del patrimonio cultural",Aragón,17.06
2016,Euros,"Gasto per cápita de las administraciones públicas autonómicas y locales en la preservación, protección y conservación del patrimonio cultural",España,17.92
2018,Euros,"Gasto per cápita de las administraciones públicas autonómicas y locales en la preservación, protección y conservación del patrimonio cultural",España,21.24
2017,Euros,"Gasto per cápita de las administraciones públicas autonómicas y locales en la preservación, protección y conservación del patrimonio cultural",España,20.59
2016,Euros,"Gasto per cápita de las administraciones públicas autonómicas y locales en la preservación, protección y conservación del patrimonio cultural",Aragón,16.26
2020,Euros,"Gasto per cápita de las administraciones públicas autonómicas y locales en la preservación, protección y conservación del patrimonio cultural",España,23.29
2015,Euros,"Gasto per cápita de las administraciones públicas autonómicas y locales en la preservación, protección y conservación del patrimonio cultural",Aragón,16.55
2019,Euros,"Gasto per cápita de las administraciones públicas autonómicas y locales en la preservación, protección y conservación del patrimonio cultural",España,23.3
2011,Euros,"Gasto per cápita de las administraciones públicas autonómicas en la preservación, protección y conservación del patrimonio cultural",Aragón,16.56
2014,Euros,"Gasto per cápita de las administraciones públicas autonómicas en la preservación, protección y conservación del patrimonio cultural",Aragón,10.51
2013,Euros,"Gasto per cápita de las administraciones públicas autonómicas en la preservación, protección y conservación del patrimonio cultural",Aragón,11.91
2017,Euros,"Gasto per cápita de las administraciones públicas autonómicas en la preservación, protección y conservación del patrimonio cultural",Aragón,11.43
2021,Euros,"Gasto per cápita de las administraciones públicas autonómicas en la preservación, protección y conservación del patrimonio cultural",España,12.76
2015,Euros,"Gasto per cápita de las administraciones públicas autonómicas en la preservación, protección y conservación del patrimonio cultural",Aragón,10.43
2020,Euros,"Gasto per cápita de las administraciones públicas autonómicas en la preservación, protección y conservación del patrimonio cultural",España,10.57
2016,Euros,"Gasto per cápita de las administraciones públicas autonómicas en la preservación, protección y conservación del patrimonio cultural",Aragón,11.94
2015,Euros,"Gasto per cápita de las administraciones públicas autonómicas en la preservación, protección y conservación del patrimonio cultural",España,9.29
2018,Euros,"Gasto per cápita de las administraciones públicas autonómicas en la preservación, protección y conservación del patrimonio cultural",Aragón,12.8
2012,Euros,"Gasto per cápita de las administraciones públicas autonómicas en la preservación, protección y conservación del patrimonio cultural",España,9.21
2014,Euros,"Gasto per cápita de las administraciones públicas autonómicas en la preservación, protección y conservación del patrimonio cultural",España,8.6
2017,Euros,"Gasto per cápita de las administraciones públicas autonómicas en la preservación, protección y conservación del patrimonio cultural",España,9.12
2019,Euros,"Gasto per cápita de las administraciones públicas autonómicas en la preservación, protección y conservación del patrimonio cultural",Aragón,8.89
2021,Euros,"Gasto per cápita de las administraciones públicas autonómicas en la preservación, protección y conservación del patrimonio cultural",Aragón,10.75
2010,Euros,"Gasto per cápita de las administraciones públicas autonómicas en la preservación, protección y conservación del patrimonio cultural",Aragón,22.99
2016,Euros,"Gasto per cápita de las administraciones públicas autonómicas en la preservación, protección y conservación del patrimonio cultural",España,7.14
2013,Euros,"Gasto per cápita de las administraciones públicas autonómicas en la preservación, protección y conservación del patrimonio cultural",España,8.54
2011,Euros,"Gasto per cápita de las administraciones públicas autonómicas en la preservación, protección y conservación del patrimonio cultural",España,11.23
2010,Euros,"Gasto per cápita de las administraciones públicas autonómicas en la preservación, protección y conservación del patrimonio cultural",España,14.17
2018,Euros,"Gasto per cápita de las administraciones públicas autonómicas en la preservación, protección y conservación del patrimonio cultural",España,8.88
2012,Euros,"Gasto per cápita de las administraciones públicas autonómicas en la preservación, protección y conservación del patrimonio cultural",Aragón,13.17
2020,Euros,"Gasto per cápita de las administraciones públicas autonómicas en la preservación, protección y conservación del patrimonio cultural",Aragón,9.36
2019,Euros,"Gasto per cápita de las administraciones públicas autonómicas en la preservación, protección y conservación del patrimonio cultural",España,10.01
2020,Euros,"Gasto per cápita de las administraciones públicas locales en la preservación, protección y conservación del patrimonio cultural",España,12.73
2016,Euros,"Gasto per cápita de las administraciones públicas locales en la preservación, protección y conservación del patrimonio cultural",España,10.78
2018,Euros,"Gasto per cápita de las administraciones públicas locales en la preservación, protección y conservación del patrimonio cultural",España,12.36
2019,Euros,"Gasto per cápita de las administraciones públicas locales en la preservación, protección y conservación del patrimonio cultural",España,13.29
2015,Euros,"Gasto per cápita de las administraciones públicas locales en la preservación, protección y conservación del patrimonio cultural",Aragón,6.12
2015,Euros,"Gasto per cápita de las administraciones públicas locales en la preservación, protección y conservación del patrimonio cultural",España,10.77
2016,Euros,"Gasto per cápita de las administraciones públicas locales en la preservación, protección y conservación del patrimonio cultural",Aragón,4.32
2021,Euros,"Gasto per cápita de las administraciones públicas locales en la preservación, protección y conservación del patrimonio cultural",España,13.78
2020,Euros,"Gasto per cápita de las administraciones públicas locales en la preservación, protección y conservación del patrimonio cultural",Aragón,4.66
2017,Euros,"Gasto per cápita de las administraciones públicas locales en la preservación, protección y conservación del patrimonio cultural",España,11.48
2019,Euros,"Gasto per cápita de las administraciones públicas locales en la preservación, protección y conservación del patrimonio cultural",Aragón,5.65
2017,Euros,"Gasto per cápita de las administraciones públicas locales en la preservación, protección y conservación del patrimonio cultural",Aragón,5.64
2021,Euros,"Gasto per cápita de las administraciones públicas locales en la preservación, protección y conservación del patrimonio cultural",Aragón,6.8
2018,Euros,"Gasto per cápita de las administraciones públicas locales en la preservación, protección y conservación del patrimonio cultural",Aragón,5.41
