Year,Units,Series,Territorio,Value
2020,Porcentaje,Proporción de personas de 15 y más años que fuman a diario,España,19.78
2012,Porcentaje,Proporción de personas de 15 y más años que fuman a diario,España,23.95
2014,Porcentaje,Proporción de personas de 15 y más años que fuman a diario,España,22.98
2014,Porcentaje,Proporción de personas de 15 y más años que fuman a diario,Aragón,25.87
2017,Porcentaje,Proporción de personas de 15 y más años que fuman a diario,España,22.08
2020,Porcentaje,Proporción de personas de 15 y más años que fuman a diario,Aragón,24.1
2012,Porcentaje,Proporción de personas de 15 y más años que fuman a diario,Aragón,25.87
2017,Porcentaje,Proporción de personas de 15 y más años que fuman a diario,Aragón,23.93
