Year,Units,Series,Territorio,Value
2012,Porcentaje,Proporción de personas entre 16 y 65 años que han alcanzado al menos el nivel 2 de competencia en la escala de comprensión lectora,España,72.3
2012,Porcentaje,Proporción de personas entre 16 y 65 años que han alcanzado al menos el nivel 2 de competencia en la escala de comprensión lectora,Aragón,61.67
2012,Porcentaje,Proporción de hombres entre 16 y 65 años que han alcanzado al menos el nivel 2 de competencia en la escala de comprensión lectora,Aragón,63.33
2012,Porcentaje,Proporción de hombres entre 16 y 65 años que han alcanzado al menos el nivel 2 de competencia en la escala de comprensión lectora,España,73.49
2012,Porcentaje,Proporción de mujeres entre 16 y 65 años que han alcanzado al menos el nivel 2 de competencia en la escala de comprensión lectora,España,71.1
2012,Porcentaje,Proporción de mujeres entre 16 y 65 años que han alcanzado al menos el nivel 2 de competencia en la escala de comprensión lectora,Aragón,59.94
2012,Porcentaje,Proporción de personas entre 16 y 65 años que han alcanzado al menos el nivel 2 de competencia en la escala de matemáticas,Aragón,61.42
2012,Porcentaje,Proporción de personas entre 16 y 65 años que han alcanzado al menos el nivel 2 de competencia en la escala de matemáticas,España,69.12
2012,Porcentaje,Proporción de hombres entre 16 y 65 años que han alcanzado al menos el nivel 2 de competencia en la escala de matemáticas,España,72.67
2012,Porcentaje,Proporción de hombres entre 16 y 65 años que han alcanzado al menos el nivel 2 de competencia en la escala de matemáticas,Aragón,69.73
2012,Porcentaje,Proporción de mujeres entre 16 y 65 años que han alcanzado al menos el nivel 2 de competencia en la escala de matemáticas,Aragón,52.82
2012,Porcentaje,Proporción de mujeres entre 16 y 65 años que han alcanzado al menos el nivel 2 de competencia en la escala de matemáticas,España,65.54
