Year,Units,Series,Territorio,Value
2009,Porcentaje,"Proporción de mujeres titulares de explotaciones agrícolas, respecto al total de titulares de explotaciones agrícolas",Aragón,21.7
2016,Porcentaje,"Proporción de mujeres titulares de explotaciones agrícolas, respecto al total de titulares de explotaciones agrícolas",Aragón,23.13
2013,Porcentaje,"Proporción de mujeres titulares de explotaciones agrícolas, respecto al total de titulares de explotaciones agrícolas",España,32.68
2013,Porcentaje,"Proporción de mujeres titulares de explotaciones agrícolas, respecto al total de titulares de explotaciones agrícolas",Aragón,22.66
2016,Porcentaje,"Proporción de mujeres titulares de explotaciones agrícolas, respecto al total de titulares de explotaciones agrícolas",España,34.42
2013,Porcentaje,"Proporción de mujeres titulares de explotaciones agrícolas en propiedad, respecto al total de titulares de explotaciones agrícolas en propiedad",España,33.68
2016,Porcentaje,"Proporción de mujeres titulares de explotaciones agrícolas en propiedad, respecto al total de titulares de explotaciones agrícolas en propiedad",España,34.74
2009,Porcentaje,"Proporción de mujeres titulares de explotaciones agrícolas en propiedad, respecto al total de titulares de explotaciones agrícolas en propiedad",Aragón,23.0
2013,Porcentaje,"Proporción de mujeres titulares de explotaciones agrícolas en propiedad, respecto al total de titulares de explotaciones agrícolas en propiedad",Aragón,22.43
2016,Porcentaje,"Proporción de mujeres titulares de explotaciones agrícolas en propiedad, respecto al total de titulares de explotaciones agrícolas en propiedad",Aragón,24.36
2009,Porcentaje,"Proporción de mujeres titulares de explotaciones agrícolas en arrendamiento, respecto al total de titulares de explotaciones agrícolas en arrendamiento",Aragón,18.92
2013,Porcentaje,"Proporción de mujeres titulares de explotaciones agrícolas en arrendamiento, respecto al total de titulares de explotaciones agrícolas en arrendamiento",Aragón,23.74
2013,Porcentaje,"Proporción de mujeres titulares de explotaciones agrícolas en arrendamiento, respecto al total de titulares de explotaciones agrícolas en arrendamiento",España,28.09
2016,Porcentaje,"Proporción de mujeres titulares de explotaciones agrícolas en arrendamiento, respecto al total de titulares de explotaciones agrícolas en arrendamiento",Aragón,20.16
2016,Porcentaje,"Proporción de mujeres titulares de explotaciones agrícolas en arrendamiento, respecto al total de titulares de explotaciones agrícolas en arrendamiento",España,24.17
