Year,Units,Series,Territorio,Value
2022,Porcentaje,Proporción de dependencias administrativas locales que han establecido políticas y procedimientos operacionales para la participación de las comunidades locales en la gestión y el saneamiento de aguas de consumo,España,100
2019,Porcentaje,Proporción de dependencias administrativas locales que han establecido políticas y procedimientos operacionales para la participación de las comunidades locales en la gestión y el saneamiento de aguas de consumo,España,100
2013,Porcentaje,Proporción de dependencias administrativas locales que han establecido políticas y procedimientos operacionales para la participación de las comunidades locales en la gestión y el saneamiento de aguas de consumo,Aragón,100
2015,Porcentaje,Proporción de dependencias administrativas locales que han establecido políticas y procedimientos operacionales para la participación de las comunidades locales en la gestión y el saneamiento de aguas de consumo,Aragón,100
2016,Porcentaje,Proporción de dependencias administrativas locales que han establecido políticas y procedimientos operacionales para la participación de las comunidades locales en la gestión y el saneamiento de aguas de consumo,Aragón,100
2010,Porcentaje,Proporción de dependencias administrativas locales que han establecido políticas y procedimientos operacionales para la participación de las comunidades locales en la gestión y el saneamiento de aguas de consumo,Aragón,100
2010,Porcentaje,Proporción de dependencias administrativas locales que han establecido políticas y procedimientos operacionales para la participación de las comunidades locales en la gestión y el saneamiento de aguas de consumo,España,100
2015,Porcentaje,Proporción de dependencias administrativas locales que han establecido políticas y procedimientos operacionales para la participación de las comunidades locales en la gestión y el saneamiento de aguas de consumo,España,100
2017,Porcentaje,Proporción de dependencias administrativas locales que han establecido políticas y procedimientos operacionales para la participación de las comunidades locales en la gestión y el saneamiento de aguas de consumo,Aragón,100
2021,Porcentaje,Proporción de dependencias administrativas locales que han establecido políticas y procedimientos operacionales para la participación de las comunidades locales en la gestión y el saneamiento de aguas de consumo,España,100
2014,Porcentaje,Proporción de dependencias administrativas locales que han establecido políticas y procedimientos operacionales para la participación de las comunidades locales en la gestión y el saneamiento de aguas de consumo,España,100
2021,Porcentaje,Proporción de dependencias administrativas locales que han establecido políticas y procedimientos operacionales para la participación de las comunidades locales en la gestión y el saneamiento de aguas de consumo,Aragón,100
2018,Porcentaje,Proporción de dependencias administrativas locales que han establecido políticas y procedimientos operacionales para la participación de las comunidades locales en la gestión y el saneamiento de aguas de consumo,España,100
2013,Porcentaje,Proporción de dependencias administrativas locales que han establecido políticas y procedimientos operacionales para la participación de las comunidades locales en la gestión y el saneamiento de aguas de consumo,España,100
2023,Porcentaje,Proporción de dependencias administrativas locales que han establecido políticas y procedimientos operacionales para la participación de las comunidades locales en la gestión y el saneamiento de aguas de consumo,España,100
2011,Porcentaje,Proporción de dependencias administrativas locales que han establecido políticas y procedimientos operacionales para la participación de las comunidades locales en la gestión y el saneamiento de aguas de consumo,Aragón,100
2016,Porcentaje,Proporción de dependencias administrativas locales que han establecido políticas y procedimientos operacionales para la participación de las comunidades locales en la gestión y el saneamiento de aguas de consumo,España,100
2017,Porcentaje,Proporción de dependencias administrativas locales que han establecido políticas y procedimientos operacionales para la participación de las comunidades locales en la gestión y el saneamiento de aguas de consumo,España,100
2011,Porcentaje,Proporción de dependencias administrativas locales que han establecido políticas y procedimientos operacionales para la participación de las comunidades locales en la gestión y el saneamiento de aguas de consumo,España,100
2012,Porcentaje,Proporción de dependencias administrativas locales que han establecido políticas y procedimientos operacionales para la participación de las comunidades locales en la gestión y el saneamiento de aguas de consumo,Aragón,100
2023,Porcentaje,Proporción de dependencias administrativas locales que han establecido políticas y procedimientos operacionales para la participación de las comunidades locales en la gestión y el saneamiento de aguas de consumo,Aragón,100
2020,Porcentaje,Proporción de dependencias administrativas locales que han establecido políticas y procedimientos operacionales para la participación de las comunidades locales en la gestión y el saneamiento de aguas de consumo,España,100
2019,Porcentaje,Proporción de dependencias administrativas locales que han establecido políticas y procedimientos operacionales para la participación de las comunidades locales en la gestión y el saneamiento de aguas de consumo,Aragón,100
2014,Porcentaje,Proporción de dependencias administrativas locales que han establecido políticas y procedimientos operacionales para la participación de las comunidades locales en la gestión y el saneamiento de aguas de consumo,Aragón,100
2018,Porcentaje,Proporción de dependencias administrativas locales que han establecido políticas y procedimientos operacionales para la participación de las comunidades locales en la gestión y el saneamiento de aguas de consumo,Aragón,100
2022,Porcentaje,Proporción de dependencias administrativas locales que han establecido políticas y procedimientos operacionales para la participación de las comunidades locales en la gestión y el saneamiento de aguas de consumo,Aragón,100
2020,Porcentaje,Proporción de dependencias administrativas locales que han establecido políticas y procedimientos operacionales para la participación de las comunidades locales en la gestión y el saneamiento de aguas de consumo,Aragón,100
2012,Porcentaje,Proporción de dependencias administrativas locales que han establecido políticas y procedimientos operacionales para la participación de las comunidades locales en la gestión y el saneamiento de aguas de consumo,España,100
2018,Porcentaje,Proporción de dependencias administrativas locales que han establecido políticas y procedimientos operacionales para la participación de las comunidades locales en la gestión de aguas de baño,Aragón,100
2019,Porcentaje,Proporción de dependencias administrativas locales que han establecido políticas y procedimientos operacionales para la participación de las comunidades locales en la gestión de aguas de baño,Aragón,100
2012,Porcentaje,Proporción de dependencias administrativas locales que han establecido políticas y procedimientos operacionales para la participación de las comunidades locales en la gestión de aguas de baño,Aragón,100
2014,Porcentaje,Proporción de dependencias administrativas locales que han establecido políticas y procedimientos operacionales para la participación de las comunidades locales en la gestión de aguas de baño,Aragón,100
2010,Porcentaje,Proporción de dependencias administrativas locales que han establecido políticas y procedimientos operacionales para la participación de las comunidades locales en la gestión de aguas de baño,Aragón,100
2014,Porcentaje,Proporción de dependencias administrativas locales que han establecido políticas y procedimientos operacionales para la participación de las comunidades locales en la gestión de aguas de baño,España,100
2020,Porcentaje,Proporción de dependencias administrativas locales que han establecido políticas y procedimientos operacionales para la participación de las comunidades locales en la gestión de aguas de baño,España,100
2016,Porcentaje,Proporción de dependencias administrativas locales que han establecido políticas y procedimientos operacionales para la participación de las comunidades locales en la gestión de aguas de baño,Aragón,100
2018,Porcentaje,Proporción de dependencias administrativas locales que han establecido políticas y procedimientos operacionales para la participación de las comunidades locales en la gestión de aguas de baño,España,100
2010,Porcentaje,Proporción de dependencias administrativas locales que han establecido políticas y procedimientos operacionales para la participación de las comunidades locales en la gestión de aguas de baño,España,100
2017,Porcentaje,Proporción de dependencias administrativas locales que han establecido políticas y procedimientos operacionales para la participación de las comunidades locales en la gestión de aguas de baño,Aragón,100
2013,Porcentaje,Proporción de dependencias administrativas locales que han establecido políticas y procedimientos operacionales para la participación de las comunidades locales en la gestión de aguas de baño,Aragón,100
2019,Porcentaje,Proporción de dependencias administrativas locales que han establecido políticas y procedimientos operacionales para la participación de las comunidades locales en la gestión de aguas de baño,España,100
2016,Porcentaje,Proporción de dependencias administrativas locales que han establecido políticas y procedimientos operacionales para la participación de las comunidades locales en la gestión de aguas de baño,España,100
2017,Porcentaje,Proporción de dependencias administrativas locales que han establecido políticas y procedimientos operacionales para la participación de las comunidades locales en la gestión de aguas de baño,España,100
2013,Porcentaje,Proporción de dependencias administrativas locales que han establecido políticas y procedimientos operacionales para la participación de las comunidades locales en la gestión de aguas de baño,España,100
2012,Porcentaje,Proporción de dependencias administrativas locales que han establecido políticas y procedimientos operacionales para la participación de las comunidades locales en la gestión de aguas de baño,España,100
2011,Porcentaje,Proporción de dependencias administrativas locales que han establecido políticas y procedimientos operacionales para la participación de las comunidades locales en la gestión de aguas de baño,Aragón,100
2022,Porcentaje,Proporción de dependencias administrativas locales que han establecido políticas y procedimientos operacionales para la participación de las comunidades locales en la gestión de aguas de baño,Aragón,100
2023,Porcentaje,Proporción de dependencias administrativas locales que han establecido políticas y procedimientos operacionales para la participación de las comunidades locales en la gestión de aguas de baño,Aragón,100
2021,Porcentaje,Proporción de dependencias administrativas locales que han establecido políticas y procedimientos operacionales para la participación de las comunidades locales en la gestión de aguas de baño,España,100
2015,Porcentaje,Proporción de dependencias administrativas locales que han establecido políticas y procedimientos operacionales para la participación de las comunidades locales en la gestión de aguas de baño,Aragón,100
2015,Porcentaje,Proporción de dependencias administrativas locales que han establecido políticas y procedimientos operacionales para la participación de las comunidades locales en la gestión de aguas de baño,España,100
2011,Porcentaje,Proporción de dependencias administrativas locales que han establecido políticas y procedimientos operacionales para la participación de las comunidades locales en la gestión de aguas de baño,España,100
2021,Porcentaje,Proporción de dependencias administrativas locales que han establecido políticas y procedimientos operacionales para la participación de las comunidades locales en la gestión de aguas de baño,Aragón,100
2020,Porcentaje,Proporción de dependencias administrativas locales que han establecido políticas y procedimientos operacionales para la participación de las comunidades locales en la gestión de aguas de baño,Aragón,100
2023,Porcentaje,Proporción de dependencias administrativas locales que han establecido políticas y procedimientos operacionales para la participación de las comunidades locales en la gestión de aguas de baño,España,100
2022,Porcentaje,Proporción de dependencias administrativas locales que han establecido políticas y procedimientos operacionales para la participación de las comunidades locales en la gestión de aguas de baño,España,100
