Year,Units,Series,Territorio,Value
2020,"Lógica (1=Sí, 0=No)","Se elabora, adopta o aplica instrumentos de política destinados a apoyar la transición hacia modalidades de consumo y producción sostenibles",España,1
2021,"Lógica (1=Sí, 0=No)","Se elabora, adopta o aplica instrumentos de política destinados a apoyar la transición hacia modalidades de consumo y producción sostenibles",España,1
2021,"Lógica (1=Sí, 0=No)","Se elabora, adopta o aplica instrumentos de política destinados a apoyar la transición hacia modalidades de consumo y producción sostenibles",Aragón,1
2020,"Lógica (1=Sí, 0=No)","Se elabora, adopta o aplica instrumentos de política destinados a apoyar la transición hacia modalidades de consumo y producción sostenibles",Aragón,1
2022,"Lógica (1=Sí, 0=No)","Se elabora, adopta o aplica instrumentos de política destinados a apoyar la transición hacia modalidades de consumo y producción sostenibles",España,1
2023,"Lógica (1=Sí, 0=No)","Se elabora, adopta o aplica instrumentos de política destinados a apoyar la transición hacia modalidades de consumo y producción sostenibles",España,1
2022,"Lógica (1=Sí, 0=No)","Se elabora, adopta o aplica instrumentos de política destinados a apoyar la transición hacia modalidades de consumo y producción sostenibles",Aragón,1
2023,"Lógica (1=Sí, 0=No)","Se elabora, adopta o aplica instrumentos de política destinados a apoyar la transición hacia modalidades de consumo y producción sostenibles",Aragón,1
