Year,Units,Series,Territorio,Value
2022,Índice,Ratio de la proporción de mujeres en el sector público respecto a la proporción de mujeres en la población entre 16 y 64 años,España,1.16
2021,Índice,Ratio de la proporción de mujeres en el sector público respecto a la proporción de mujeres en la población entre 16 y 64 años,Aragón,1.16
2017,Índice,Ratio de la proporción de mujeres en el sector público respecto a la proporción de mujeres en la población entre 16 y 64 años,Aragón,1.13
2012,Índice,Ratio de la proporción de mujeres en el sector público respecto a la proporción de mujeres en la población entre 16 y 64 años,Aragón,1.09
2010,Índice,Ratio de la proporción de mujeres en el sector público respecto a la proporción de mujeres en la población entre 16 y 64 años,Aragón,1.08
2018,Índice,Ratio de la proporción de mujeres en el sector público respecto a la proporción de mujeres en la población entre 16 y 64 años,Aragón,1.15
2014,Índice,Ratio de la proporción de mujeres en el sector público respecto a la proporción de mujeres en la población entre 16 y 64 años,Aragón,1.09
2015,Índice,Ratio de la proporción de mujeres en el sector público respecto a la proporción de mujeres en la población entre 16 y 64 años,Aragón,1.1
2020,Índice,Ratio de la proporción de mujeres en el sector público respecto a la proporción de mujeres en la población entre 16 y 64 años,España,1.14
2020,Índice,Ratio de la proporción de mujeres en el sector público respecto a la proporción de mujeres en la población entre 16 y 64 años,Aragón,1.15
2023,Índice,Ratio de la proporción de mujeres en el sector público respecto a la proporción de mujeres en la población entre 16 y 64 años,España,1.18
2023,Índice,Ratio de la proporción de mujeres en el sector público respecto a la proporción de mujeres en la población entre 16 y 64 años,Aragón,1.2
2011,Índice,Ratio de la proporción de mujeres en el sector público respecto a la proporción de mujeres en la población entre 16 y 64 años,Aragón,1.08
2022,Índice,Ratio de la proporción de mujeres en el sector público respecto a la proporción de mujeres en la población entre 16 y 64 años,Aragón,1.18
2019,Índice,Ratio de la proporción de mujeres en el sector público respecto a la proporción de mujeres en la población entre 16 y 64 años,Aragón,1.15
2016,Índice,Ratio de la proporción de mujeres en el sector público respecto a la proporción de mujeres en la población entre 16 y 64 años,Aragón,1.12
2013,Índice,Ratio de la proporción de mujeres en el sector público respecto a la proporción de mujeres en la población entre 16 y 64 años,Aragón,1.1
2019,Índice,Ratio de la proporción de mujeres en el sector público respecto a la proporción de mujeres en la población entre 16 y 64 años,España,1.13
2010,Índice,Ratio de la proporción de mujeres en el sector público respecto a la proporción de mujeres en la población entre 16 y 64 años,España,1.07
2021,Índice,Ratio de la proporción de mujeres en el sector público respecto a la proporción de mujeres en la población entre 16 y 64 años,España,1.16
2014,Índice,Ratio de la proporción de mujeres en el sector público respecto a la proporción de mujeres en la población entre 16 y 64 años,España,1.08
2018,Índice,Ratio de la proporción de mujeres en el sector público respecto a la proporción de mujeres en la población entre 16 y 64 años,España,1.12
2017,Índice,Ratio de la proporción de mujeres en el sector público respecto a la proporción de mujeres en la población entre 16 y 64 años,España,1.11
2012,Índice,Ratio de la proporción de mujeres en el sector público respecto a la proporción de mujeres en la población entre 16 y 64 años,España,1.08
2015,Índice,Ratio de la proporción de mujeres en el sector público respecto a la proporción de mujeres en la población entre 16 y 64 años,España,1.08
2013,Índice,Ratio de la proporción de mujeres en el sector público respecto a la proporción de mujeres en la población entre 16 y 64 años,España,1.08
2011,Índice,Ratio de la proporción de mujeres en el sector público respecto a la proporción de mujeres en la población entre 16 y 64 años,España,1.07
2016,Índice,Ratio de la proporción de mujeres en el sector público respecto a la proporción de mujeres en la población entre 16 y 64 años,España,1.1
2020,Índice,Ratio de la proporción de mujeres en las instituciones sanitarias autonómicas respecto a la proporción de mujeres en la población entre 16 y 64 años,Aragón,1.59
2015,Índice,Ratio de la proporción de mujeres en las instituciones sanitarias autonómicas respecto a la proporción de mujeres en la población entre 16 y 64 años,España,1.48
2023,Índice,Ratio de la proporción de mujeres en las instituciones sanitarias autonómicas respecto a la proporción de mujeres en la población entre 16 y 64 años,España,1.52
2022,Índice,Ratio de la proporción de mujeres en las instituciones sanitarias autonómicas respecto a la proporción de mujeres en la población entre 16 y 64 años,Aragón,1.63
2015,Índice,Ratio de la proporción de mujeres en las instituciones sanitarias autonómicas respecto a la proporción de mujeres en la población entre 16 y 64 años,Aragón,1.59
2017,Índice,Ratio de la proporción de mujeres en las instituciones sanitarias autonómicas respecto a la proporción de mujeres en la población entre 16 y 64 años,España,1.49
2010,Índice,Ratio de la proporción de mujeres en las instituciones sanitarias autonómicas respecto a la proporción de mujeres en la población entre 16 y 64 años,España,1.43
2011,Índice,Ratio de la proporción de mujeres en las instituciones sanitarias autonómicas respecto a la proporción de mujeres en la población entre 16 y 64 años,España,1.43
2016,Índice,Ratio de la proporción de mujeres en las instituciones sanitarias autonómicas respecto a la proporción de mujeres en la población entre 16 y 64 años,Aragón,1.6
2019,Índice,Ratio de la proporción de mujeres en las instituciones sanitarias autonómicas respecto a la proporción de mujeres en la población entre 16 y 64 años,España,1.5
2018,Índice,Ratio de la proporción de mujeres en las instituciones sanitarias autonómicas respecto a la proporción de mujeres en la población entre 16 y 64 años,España,1.49
2016,Índice,Ratio de la proporción de mujeres en las instituciones sanitarias autonómicas respecto a la proporción de mujeres en la población entre 16 y 64 años,España,1.48
2012,Índice,Ratio de la proporción de mujeres en las instituciones sanitarias autonómicas respecto a la proporción de mujeres en la población entre 16 y 64 años,España,1.46
2023,Índice,Ratio de la proporción de mujeres en las instituciones sanitarias autonómicas respecto a la proporción de mujeres en la población entre 16 y 64 años,Aragón,1.61
2013,Índice,Ratio de la proporción de mujeres en las instituciones sanitarias autonómicas respecto a la proporción de mujeres en la población entre 16 y 64 años,España,1.46
2010,Índice,Ratio de la proporción de mujeres en las instituciones sanitarias autonómicas respecto a la proporción de mujeres en la población entre 16 y 64 años,Aragón,1.6
2014,Índice,Ratio de la proporción de mujeres en las instituciones sanitarias autonómicas respecto a la proporción de mujeres en la población entre 16 y 64 años,España,1.47
2022,Índice,Ratio de la proporción de mujeres en las instituciones sanitarias autonómicas respecto a la proporción de mujeres en la población entre 16 y 64 años,España,1.51
2020,Índice,Ratio de la proporción de mujeres en las instituciones sanitarias autonómicas respecto a la proporción de mujeres en la población entre 16 y 64 años,España,1.51
2017,Índice,Ratio de la proporción de mujeres en las instituciones sanitarias autonómicas respecto a la proporción de mujeres en la población entre 16 y 64 años,Aragón,1.6
2021,Índice,Ratio de la proporción de mujeres en las instituciones sanitarias autonómicas respecto a la proporción de mujeres en la población entre 16 y 64 años,Aragón,1.59
2014,Índice,Ratio de la proporción de mujeres en las instituciones sanitarias autonómicas respecto a la proporción de mujeres en la población entre 16 y 64 años,Aragón,1.6
2021,Índice,Ratio de la proporción de mujeres en las instituciones sanitarias autonómicas respecto a la proporción de mujeres en la población entre 16 y 64 años,España,1.51
2011,Índice,Ratio de la proporción de mujeres en las instituciones sanitarias autonómicas respecto a la proporción de mujeres en la población entre 16 y 64 años,Aragón,1.59
2013,Índice,Ratio de la proporción de mujeres en las instituciones sanitarias autonómicas respecto a la proporción de mujeres en la población entre 16 y 64 años,Aragón,1.59
2012,Índice,Ratio de la proporción de mujeres en las instituciones sanitarias autonómicas respecto a la proporción de mujeres en la población entre 16 y 64 años,Aragón,1.59
2019,Índice,Ratio de la proporción de mujeres en las instituciones sanitarias autonómicas respecto a la proporción de mujeres en la población entre 16 y 64 años,Aragón,1.59
2018,Índice,Ratio de la proporción de mujeres en las instituciones sanitarias autonómicas respecto a la proporción de mujeres en la población entre 16 y 64 años,Aragón,1.6
2020,Índice,Ratio de la proporción de mujeres en las universidades respecto a la proporción de mujeres en la población entre 16 y 64 años,España,0.96
2010,Índice,Ratio de la proporción de mujeres en las universidades respecto a la proporción de mujeres en la población entre 16 y 64 años,Aragón,0.97
2011,Índice,Ratio de la proporción de mujeres en las universidades respecto a la proporción de mujeres en la población entre 16 y 64 años,España,0.87
2017,Índice,Ratio de la proporción de mujeres en las universidades respecto a la proporción de mujeres en la población entre 16 y 64 años,Aragón,1.02
2021,Índice,Ratio de la proporción de mujeres en las universidades respecto a la proporción de mujeres en la población entre 16 y 64 años,España,0.97
2017,Índice,Ratio de la proporción de mujeres en las universidades respecto a la proporción de mujeres en la población entre 16 y 64 años,España,0.94
2012,Índice,Ratio de la proporción de mujeres en las universidades respecto a la proporción de mujeres en la población entre 16 y 64 años,España,0.92
2016,Índice,Ratio de la proporción de mujeres en las universidades respecto a la proporción de mujeres en la población entre 16 y 64 años,Aragón,1.02
2022,Índice,Ratio de la proporción de mujeres en las universidades respecto a la proporción de mujeres en la población entre 16 y 64 años,España,0.97
2013,Índice,Ratio de la proporción de mujeres en las universidades respecto a la proporción de mujeres en la población entre 16 y 64 años,España,0.92
2016,Índice,Ratio de la proporción de mujeres en las universidades respecto a la proporción de mujeres en la población entre 16 y 64 años,España,0.94
2011,Índice,Ratio de la proporción de mujeres en las universidades respecto a la proporción de mujeres en la población entre 16 y 64 años,Aragón,0.98
2015,Índice,Ratio de la proporción de mujeres en las universidades respecto a la proporción de mujeres en la población entre 16 y 64 años,Aragón,1.02
2015,Índice,Ratio de la proporción de mujeres en las universidades respecto a la proporción de mujeres en la población entre 16 y 64 años,España,0.93
2023,Índice,Ratio de la proporción de mujeres en las universidades respecto a la proporción de mujeres en la población entre 16 y 64 años,Aragón,1.05
2014,Índice,Ratio de la proporción de mujeres en las universidades respecto a la proporción de mujeres en la población entre 16 y 64 años,España,0.93
2020,Índice,Ratio de la proporción de mujeres en las universidades respecto a la proporción de mujeres en la población entre 16 y 64 años,Aragón,1.04
2021,Índice,Ratio de la proporción de mujeres en las universidades respecto a la proporción de mujeres en la población entre 16 y 64 años,Aragón,1.05
2019,Índice,Ratio de la proporción de mujeres en las universidades respecto a la proporción de mujeres en la población entre 16 y 64 años,España,0.96
2014,Índice,Ratio de la proporción de mujeres en las universidades respecto a la proporción de mujeres en la población entre 16 y 64 años,Aragón,1.01
2010,Índice,Ratio de la proporción de mujeres en las universidades respecto a la proporción de mujeres en la población entre 16 y 64 años,España,0.86
2019,Índice,Ratio de la proporción de mujeres en las universidades respecto a la proporción de mujeres en la población entre 16 y 64 años,Aragón,1.03
2018,Índice,Ratio de la proporción de mujeres en las universidades respecto a la proporción de mujeres en la población entre 16 y 64 años,Aragón,1.02
2018,Índice,Ratio de la proporción de mujeres en las universidades respecto a la proporción de mujeres en la población entre 16 y 64 años,España,0.95
2023,Índice,Ratio de la proporción de mujeres en las universidades respecto a la proporción de mujeres en la población entre 16 y 64 años,España,0.97
2022,Índice,Ratio de la proporción de mujeres en las universidades respecto a la proporción de mujeres en la población entre 16 y 64 años,Aragón,1.06
2013,Índice,Ratio de la proporción de mujeres en las universidades respecto a la proporción de mujeres en la población entre 16 y 64 años,Aragón,1.01
2012,Índice,Ratio de la proporción de mujeres en las universidades respecto a la proporción de mujeres en la población entre 16 y 64 años,Aragón,0.99
2019,Índice,Ratio de la proporción de mujeres en el sector público local respecto a la proporción de mujeres en la población entre 16 y 64 años,España,1.0
2013,Índice,Ratio de la proporción de mujeres en el sector público local respecto a la proporción de mujeres en la población entre 16 y 64 años,España,0.93
2018,Índice,Ratio de la proporción de mujeres en el sector público local respecto a la proporción de mujeres en la población entre 16 y 64 años,Aragón,1.04
2023,Índice,Ratio de la proporción de mujeres en el sector público local respecto a la proporción de mujeres en la población entre 16 y 64 años,Aragón,1.08
2021,Índice,Ratio de la proporción de mujeres en el sector público local respecto a la proporción de mujeres en la población entre 16 y 64 años,Aragón,1.06
2022,Índice,Ratio de la proporción de mujeres en el sector público local respecto a la proporción de mujeres en la población entre 16 y 64 años,Aragón,1.07
2015,Índice,Ratio de la proporción de mujeres en el sector público local respecto a la proporción de mujeres en la población entre 16 y 64 años,Aragón,0.97
2019,Índice,Ratio de la proporción de mujeres en el sector público local respecto a la proporción de mujeres en la población entre 16 y 64 años,Aragón,1.05
2020,Índice,Ratio de la proporción de mujeres en el sector público local respecto a la proporción de mujeres en la población entre 16 y 64 años,Aragón,1.06
2014,Índice,Ratio de la proporción de mujeres en el sector público local respecto a la proporción de mujeres en la población entre 16 y 64 años,Aragón,0.96
2023,Índice,Ratio de la proporción de mujeres en el sector público local respecto a la proporción de mujeres en la población entre 16 y 64 años,España,1.04
2018,Índice,Ratio de la proporción de mujeres en el sector público local respecto a la proporción de mujeres en la población entre 16 y 64 años,España,0.98
2014,Índice,Ratio de la proporción de mujeres en el sector público local respecto a la proporción de mujeres en la población entre 16 y 64 años,España,0.93
2017,Índice,Ratio de la proporción de mujeres en el sector público local respecto a la proporción de mujeres en la población entre 16 y 64 años,Aragón,1.02
2016,Índice,Ratio de la proporción de mujeres en el sector público local respecto a la proporción de mujeres en la población entre 16 y 64 años,Aragón,0.99
2013,Índice,Ratio de la proporción de mujeres en el sector público local respecto a la proporción de mujeres en la población entre 16 y 64 años,Aragón,0.97
2022,Índice,Ratio de la proporción de mujeres en el sector público local respecto a la proporción de mujeres en la población entre 16 y 64 años,España,1.04
2010,Índice,Ratio de la proporción de mujeres en el sector público local respecto a la proporción de mujeres en la población entre 16 y 64 años,Aragón,0.95
2010,Índice,Ratio de la proporción de mujeres en el sector público local respecto a la proporción de mujeres en la población entre 16 y 64 años,España,0.95
2011,Índice,Ratio de la proporción de mujeres en el sector público local respecto a la proporción de mujeres en la población entre 16 y 64 años,España,0.95
2015,Índice,Ratio de la proporción de mujeres en el sector público local respecto a la proporción de mujeres en la población entre 16 y 64 años,España,0.93
2016,Índice,Ratio de la proporción de mujeres en el sector público local respecto a la proporción de mujeres en la población entre 16 y 64 años,España,0.95
2017,Índice,Ratio de la proporción de mujeres en el sector público local respecto a la proporción de mujeres en la población entre 16 y 64 años,España,0.97
2011,Índice,Ratio de la proporción de mujeres en el sector público local respecto a la proporción de mujeres en la población entre 16 y 64 años,Aragón,0.97
2012,Índice,Ratio de la proporción de mujeres en el sector público local respecto a la proporción de mujeres en la población entre 16 y 64 años,España,0.95
2020,Índice,Ratio de la proporción de mujeres en el sector público local respecto a la proporción de mujeres en la población entre 16 y 64 años,España,1.01
2021,Índice,Ratio de la proporción de mujeres en el sector público local respecto a la proporción de mujeres en la población entre 16 y 64 años,España,1.03
2012,Índice,Ratio de la proporción de mujeres en el sector público local respecto a la proporción de mujeres en la población entre 16 y 64 años,Aragón,0.98
2022,Índice,Ratio de la proporción de mujeres en los ayuntamientos respecto a la proporción de mujeres en la población entre 16 y 64 años,España,1.03
2020,Índice,Ratio de la proporción de mujeres en los ayuntamientos respecto a la proporción de mujeres en la población entre 16 y 64 años,España,1.0
2022,Índice,Ratio de la proporción de mujeres en los ayuntamientos respecto a la proporción de mujeres en la población entre 16 y 64 años,Aragón,1.09
2023,Índice,Ratio de la proporción de mujeres en los ayuntamientos respecto a la proporción de mujeres en la población entre 16 y 64 años,Aragón,1.11
2021,Índice,Ratio de la proporción de mujeres en los ayuntamientos respecto a la proporción de mujeres en la población entre 16 y 64 años,España,1.01
2021,Índice,Ratio de la proporción de mujeres en los ayuntamientos respecto a la proporción de mujeres en la población entre 16 y 64 años,Aragón,1.08
2023,Índice,Ratio de la proporción de mujeres en los ayuntamientos respecto a la proporción de mujeres en la población entre 16 y 64 años,España,1.03
2020,Índice,Ratio de la proporción de mujeres en los ayuntamientos respecto a la proporción de mujeres en la población entre 16 y 64 años,Aragón,1.08
2021,Índice,"Ratio de la proporción de mujeres en las diputaciones, cabildos y consejos insulares respecto a la proporción de mujeres en la población entre 16 y 64 años",España,1.15
2020,Índice,"Ratio de la proporción de mujeres en las diputaciones, cabildos y consejos insulares respecto a la proporción de mujeres en la población entre 16 y 64 años",Aragón,0.82
2022,Índice,"Ratio de la proporción de mujeres en las diputaciones, cabildos y consejos insulares respecto a la proporción de mujeres en la población entre 16 y 64 años",Aragón,0.72
2021,Índice,"Ratio de la proporción de mujeres en las diputaciones, cabildos y consejos insulares respecto a la proporción de mujeres en la población entre 16 y 64 años",Aragón,0.76
2020,Índice,"Ratio de la proporción de mujeres en las diputaciones, cabildos y consejos insulares respecto a la proporción de mujeres en la población entre 16 y 64 años",España,1.15
2023,Índice,"Ratio de la proporción de mujeres en las diputaciones, cabildos y consejos insulares respecto a la proporción de mujeres en la población entre 16 y 64 años",España,1.17
2022,Índice,"Ratio de la proporción de mujeres en las diputaciones, cabildos y consejos insulares respecto a la proporción de mujeres en la población entre 16 y 64 años",España,1.16
2023,Índice,"Ratio de la proporción de mujeres en las diputaciones, cabildos y consejos insulares respecto a la proporción de mujeres en la población entre 16 y 64 años",Aragón,0.73
2014,Índice,Ratio de la proporción de mujeres en el sector público estatal respecto a la proporción de mujeres en la población entre 16 y 64 años,Aragón,0.46
2019,Índice,Ratio de la proporción de mujeres en el sector público estatal respecto a la proporción de mujeres en la población entre 16 y 64 años,España,0.63
2021,Índice,Ratio de la proporción de mujeres en el sector público estatal respecto a la proporción de mujeres en la población entre 16 y 64 años,Aragón,0.52
2011,Índice,Ratio de la proporción de mujeres en el sector público estatal respecto a la proporción de mujeres en la población entre 16 y 64 años,España,0.61
2010,Índice,Ratio de la proporción de mujeres en el sector público estatal respecto a la proporción de mujeres en la población entre 16 y 64 años,España,0.62
2014,Índice,Ratio de la proporción de mujeres en el sector público estatal respecto a la proporción de mujeres en la población entre 16 y 64 años,España,0.61
2020,Índice,Ratio de la proporción de mujeres en el sector público estatal respecto a la proporción de mujeres en la población entre 16 y 64 años,Aragón,0.52
2013,Índice,Ratio de la proporción de mujeres en el sector público estatal respecto a la proporción de mujeres en la población entre 16 y 64 años,Aragón,0.53
2022,Índice,Ratio de la proporción de mujeres en el sector público estatal respecto a la proporción de mujeres en la población entre 16 y 64 años,Aragón,0.5
2016,Índice,Ratio de la proporción de mujeres en el sector público estatal respecto a la proporción de mujeres en la población entre 16 y 64 años,España,0.61
2012,Índice,Ratio de la proporción de mujeres en el sector público estatal respecto a la proporción de mujeres en la población entre 16 y 64 años,Aragón,0.53
2020,Índice,Ratio de la proporción de mujeres en el sector público estatal respecto a la proporción de mujeres en la población entre 16 y 64 años,España,0.62
2017,Índice,Ratio de la proporción de mujeres en el sector público estatal respecto a la proporción de mujeres en la población entre 16 y 64 años,Aragón,0.53
2023,Índice,Ratio de la proporción de mujeres en el sector público estatal respecto a la proporción de mujeres en la población entre 16 y 64 años,Aragón,0.49
2015,Índice,Ratio de la proporción de mujeres en el sector público estatal respecto a la proporción de mujeres en la población entre 16 y 64 años,Aragón,0.53
2017,Índice,Ratio de la proporción de mujeres en el sector público estatal respecto a la proporción de mujeres en la población entre 16 y 64 años,España,0.62
2013,Índice,Ratio de la proporción de mujeres en el sector público estatal respecto a la proporción de mujeres en la población entre 16 y 64 años,España,0.61
2023,Índice,Ratio de la proporción de mujeres en el sector público estatal respecto a la proporción de mujeres en la población entre 16 y 64 años,España,0.62
2012,Índice,Ratio de la proporción de mujeres en el sector público estatal respecto a la proporción de mujeres en la población entre 16 y 64 años,España,0.61
2018,Índice,Ratio de la proporción de mujeres en el sector público estatal respecto a la proporción de mujeres en la población entre 16 y 64 años,España,0.63
2010,Índice,Ratio de la proporción de mujeres en el sector público estatal respecto a la proporción de mujeres en la población entre 16 y 64 años,Aragón,0.53
2019,Índice,Ratio de la proporción de mujeres en el sector público estatal respecto a la proporción de mujeres en la población entre 16 y 64 años,Aragón,0.53
2011,Índice,Ratio de la proporción de mujeres en el sector público estatal respecto a la proporción de mujeres en la población entre 16 y 64 años,Aragón,0.52
2021,Índice,Ratio de la proporción de mujeres en el sector público estatal respecto a la proporción de mujeres en la población entre 16 y 64 años,España,0.63
2016,Índice,Ratio de la proporción de mujeres en el sector público estatal respecto a la proporción de mujeres en la población entre 16 y 64 años,Aragón,0.52
2022,Índice,Ratio de la proporción de mujeres en el sector público estatal respecto a la proporción de mujeres en la población entre 16 y 64 años,España,0.63
2015,Índice,Ratio de la proporción de mujeres en el sector público estatal respecto a la proporción de mujeres en la población entre 16 y 64 años,España,0.62
2018,Índice,Ratio de la proporción de mujeres en el sector público estatal respecto a la proporción de mujeres en la población entre 16 y 64 años,Aragón,0.53
2012,Índice,Ratio de la proporción de mujeres en las Fuerzas y Cuerpos de Seguridad del Estado respecto a la proporción de mujeres en la población entre 16 y 64 años,Aragón,0.22
2023,Índice,Ratio de la proporción de mujeres en las Fuerzas y Cuerpos de Seguridad del Estado respecto a la proporción de mujeres en la población entre 16 y 64 años,Aragón,0.28
2022,Índice,Ratio de la proporción de mujeres en las Fuerzas y Cuerpos de Seguridad del Estado respecto a la proporción de mujeres en la población entre 16 y 64 años,España,0.24
2011,Índice,Ratio de la proporción de mujeres en las Fuerzas y Cuerpos de Seguridad del Estado respecto a la proporción de mujeres en la población entre 16 y 64 años,España,0.17
2010,Índice,Ratio de la proporción de mujeres en las Fuerzas y Cuerpos de Seguridad del Estado respecto a la proporción de mujeres en la población entre 16 y 64 años,Aragón,0.2
2021,Índice,Ratio de la proporción de mujeres en las Fuerzas y Cuerpos de Seguridad del Estado respecto a la proporción de mujeres en la población entre 16 y 64 años,España,0.23
2013,Índice,Ratio de la proporción de mujeres en las Fuerzas y Cuerpos de Seguridad del Estado respecto a la proporción de mujeres en la población entre 16 y 64 años,España,0.19
2017,Índice,Ratio de la proporción de mujeres en las Fuerzas y Cuerpos de Seguridad del Estado respecto a la proporción de mujeres en la población entre 16 y 64 años,España,0.2
2010,Índice,Ratio de la proporción de mujeres en las Fuerzas y Cuerpos de Seguridad del Estado respecto a la proporción de mujeres en la población entre 16 y 64 años,España,0.16
2021,Índice,Ratio de la proporción de mujeres en las Fuerzas y Cuerpos de Seguridad del Estado respecto a la proporción de mujeres en la población entre 16 y 64 años,Aragón,0.26
2019,Índice,Ratio de la proporción de mujeres en las Fuerzas y Cuerpos de Seguridad del Estado respecto a la proporción de mujeres en la población entre 16 y 64 años,España,0.24
2020,Índice,Ratio de la proporción de mujeres en las Fuerzas y Cuerpos de Seguridad del Estado respecto a la proporción de mujeres en la población entre 16 y 64 años,España,0.22
2018,Índice,Ratio de la proporción de mujeres en las Fuerzas y Cuerpos de Seguridad del Estado respecto a la proporción de mujeres en la población entre 16 y 64 años,España,0.24
2022,Índice,Ratio de la proporción de mujeres en las Fuerzas y Cuerpos de Seguridad del Estado respecto a la proporción de mujeres en la población entre 16 y 64 años,Aragón,0.26
2013,Índice,Ratio de la proporción de mujeres en las Fuerzas y Cuerpos de Seguridad del Estado respecto a la proporción de mujeres en la población entre 16 y 64 años,Aragón,0.23
2023,Índice,Ratio de la proporción de mujeres en las Fuerzas y Cuerpos de Seguridad del Estado respecto a la proporción de mujeres en la población entre 16 y 64 años,España,0.27
2014,Índice,Ratio de la proporción de mujeres en las Fuerzas y Cuerpos de Seguridad del Estado respecto a la proporción de mujeres en la población entre 16 y 64 años,España,0.19
2012,Índice,Ratio de la proporción de mujeres en las Fuerzas y Cuerpos de Seguridad del Estado respecto a la proporción de mujeres en la población entre 16 y 64 años,España,0.18
2015,Índice,Ratio de la proporción de mujeres en las Fuerzas y Cuerpos de Seguridad del Estado respecto a la proporción de mujeres en la población entre 16 y 64 años,España,0.19
2019,Índice,Ratio de la proporción de mujeres en las Fuerzas y Cuerpos de Seguridad del Estado respecto a la proporción de mujeres en la población entre 16 y 64 años,Aragón,0.28
2011,Índice,Ratio de la proporción de mujeres en las Fuerzas y Cuerpos de Seguridad del Estado respecto a la proporción de mujeres en la población entre 16 y 64 años,Aragón,0.22
2018,Índice,Ratio de la proporción de mujeres en las Fuerzas y Cuerpos de Seguridad del Estado respecto a la proporción de mujeres en la población entre 16 y 64 años,Aragón,0.27
2017,Índice,Ratio de la proporción de mujeres en las Fuerzas y Cuerpos de Seguridad del Estado respecto a la proporción de mujeres en la población entre 16 y 64 años,Aragón,0.24
2015,Índice,Ratio de la proporción de mujeres en las Fuerzas y Cuerpos de Seguridad del Estado respecto a la proporción de mujeres en la población entre 16 y 64 años,Aragón,0.23
2020,Índice,Ratio de la proporción de mujeres en las Fuerzas y Cuerpos de Seguridad del Estado respecto a la proporción de mujeres en la población entre 16 y 64 años,Aragón,0.26
2016,Índice,Ratio de la proporción de mujeres en las Fuerzas y Cuerpos de Seguridad del Estado respecto a la proporción de mujeres en la población entre 16 y 64 años,Aragón,0.23
2014,Índice,Ratio de la proporción de mujeres en las Fuerzas y Cuerpos de Seguridad del Estado respecto a la proporción de mujeres en la población entre 16 y 64 años,Aragón,0.23
2016,Índice,Ratio de la proporción de mujeres en las Fuerzas y Cuerpos de Seguridad del Estado respecto a la proporción de mujeres en la población entre 16 y 64 años,España,0.2
2020,Índice,Ratio de la proporción de mujeres en las Fuerzas Armadas respecto a la proporción de mujeres en la población entre 16 y 64 años,España,0.26
2017,Índice,Ratio de la proporción de mujeres en las Fuerzas Armadas respecto a la proporción de mujeres en la población entre 16 y 64 años,Aragón,0.31
2022,Índice,Ratio de la proporción de mujeres en las Fuerzas Armadas respecto a la proporción de mujeres en la población entre 16 y 64 años,España,0.26
2016,Índice,Ratio de la proporción de mujeres en las Fuerzas Armadas respecto a la proporción de mujeres en la población entre 16 y 64 años,España,0.25
2016,Índice,Ratio de la proporción de mujeres en las Fuerzas Armadas respecto a la proporción de mujeres en la población entre 16 y 64 años,Aragón,0.3
2010,Índice,Ratio de la proporción de mujeres en las Fuerzas Armadas respecto a la proporción de mujeres en la población entre 16 y 64 años,España,0.25
2013,Índice,Ratio de la proporción de mujeres en las Fuerzas Armadas respecto a la proporción de mujeres en la población entre 16 y 64 años,Aragón,0.32
2017,Índice,Ratio de la proporción de mujeres en las Fuerzas Armadas respecto a la proporción de mujeres en la población entre 16 y 64 años,España,0.25
2018,Índice,Ratio de la proporción de mujeres en las Fuerzas Armadas respecto a la proporción de mujeres en la población entre 16 y 64 años,España,0.26
2021,Índice,Ratio de la proporción de mujeres en las Fuerzas Armadas respecto a la proporción de mujeres en la población entre 16 y 64 años,Aragón,0.3
2010,Índice,Ratio de la proporción de mujeres en las Fuerzas Armadas respecto a la proporción de mujeres en la población entre 16 y 64 años,Aragón,0.31
2014,Índice,Ratio de la proporción de mujeres en las Fuerzas Armadas respecto a la proporción de mujeres en la población entre 16 y 64 años,Aragón,0.33
2011,Índice,Ratio de la proporción de mujeres en las Fuerzas Armadas respecto a la proporción de mujeres en la población entre 16 y 64 años,España,0.25
2012,Índice,Ratio de la proporción de mujeres en las Fuerzas Armadas respecto a la proporción de mujeres en la población entre 16 y 64 años,España,0.25
2021,Índice,Ratio de la proporción de mujeres en las Fuerzas Armadas respecto a la proporción de mujeres en la población entre 16 y 64 años,España,0.26
2023,Índice,Ratio de la proporción de mujeres en las Fuerzas Armadas respecto a la proporción de mujeres en la población entre 16 y 64 años,España,0.26
2011,Índice,Ratio de la proporción de mujeres en las Fuerzas Armadas respecto a la proporción de mujeres en la población entre 16 y 64 años,Aragón,0.3
2022,Índice,Ratio de la proporción de mujeres en las Fuerzas Armadas respecto a la proporción de mujeres en la población entre 16 y 64 años,Aragón,0.29
2013,Índice,Ratio de la proporción de mujeres en las Fuerzas Armadas respecto a la proporción de mujeres en la población entre 16 y 64 años,España,0.25
2015,Índice,Ratio de la proporción de mujeres en las Fuerzas Armadas respecto a la proporción de mujeres en la población entre 16 y 64 años,Aragón,0.3
2019,Índice,Ratio de la proporción de mujeres en las Fuerzas Armadas respecto a la proporción de mujeres en la población entre 16 y 64 años,España,0.26
2019,Índice,Ratio de la proporción de mujeres en las Fuerzas Armadas respecto a la proporción de mujeres en la población entre 16 y 64 años,Aragón,0.3
2018,Índice,Ratio de la proporción de mujeres en las Fuerzas Armadas respecto a la proporción de mujeres en la población entre 16 y 64 años,Aragón,0.31
2020,Índice,Ratio de la proporción de mujeres en las Fuerzas Armadas respecto a la proporción de mujeres en la población entre 16 y 64 años,Aragón,0.3
2023,Índice,Ratio de la proporción de mujeres en las Fuerzas Armadas respecto a la proporción de mujeres en la población entre 16 y 64 años,Aragón,0.3
2015,Índice,Ratio de la proporción de mujeres en las Fuerzas Armadas respecto a la proporción de mujeres en la población entre 16 y 64 años,España,0.25
2014,Índice,Ratio de la proporción de mujeres en las Fuerzas Armadas respecto a la proporción de mujeres en la población entre 16 y 64 años,España,0.25
2012,Índice,Ratio de la proporción de mujeres en las Fuerzas Armadas respecto a la proporción de mujeres en la población entre 16 y 64 años,Aragón,0.31
2012,Índice,Ratio de la proporción de mujeres en la Administración de Justicia del Estado respecto a la proporción de mujeres en la población entre 16 y 64 años,España,1.29
2018,Índice,Ratio de la proporción de mujeres en la Administración de Justicia del Estado respecto a la proporción de mujeres en la población entre 16 y 64 años,Aragón,1.2
2022,Índice,Ratio de la proporción de mujeres en la Administración de Justicia del Estado respecto a la proporción de mujeres en la población entre 16 y 64 años,Aragón,1.24
2013,Índice,Ratio de la proporción de mujeres en la Administración de Justicia del Estado respecto a la proporción de mujeres en la población entre 16 y 64 años,España,1.3
2017,Índice,Ratio de la proporción de mujeres en la Administración de Justicia del Estado respecto a la proporción de mujeres en la población entre 16 y 64 años,Aragón,1.18
2015,Índice,Ratio de la proporción de mujeres en la Administración de Justicia del Estado respecto a la proporción de mujeres en la población entre 16 y 64 años,Aragón,1.19
2020,Índice,Ratio de la proporción de mujeres en la Administración de Justicia del Estado respecto a la proporción de mujeres en la población entre 16 y 64 años,Aragón,1.27
2014,Índice,Ratio de la proporción de mujeres en la Administración de Justicia del Estado respecto a la proporción de mujeres en la población entre 16 y 64 años,España,1.29
2014,Índice,Ratio de la proporción de mujeres en la Administración de Justicia del Estado respecto a la proporción de mujeres en la población entre 16 y 64 años,Aragón,1.18
2012,Índice,Ratio de la proporción de mujeres en la Administración de Justicia del Estado respecto a la proporción de mujeres en la población entre 16 y 64 años,Aragón,1.2
2013,Índice,Ratio de la proporción de mujeres en la Administración de Justicia del Estado respecto a la proporción de mujeres en la población entre 16 y 64 años,Aragón,1.2
2021,Índice,Ratio de la proporción de mujeres en la Administración de Justicia del Estado respecto a la proporción de mujeres en la población entre 16 y 64 años,Aragón,1.22
2010,Índice,Ratio de la proporción de mujeres en la Administración de Justicia del Estado respecto a la proporción de mujeres en la población entre 16 y 64 años,España,1.28
2016,Índice,Ratio de la proporción de mujeres en la Administración de Justicia del Estado respecto a la proporción de mujeres en la población entre 16 y 64 años,Aragón,1.2
2011,Índice,Ratio de la proporción de mujeres en la Administración de Justicia del Estado respecto a la proporción de mujeres en la población entre 16 y 64 años,Aragón,1.19
2019,Índice,Ratio de la proporción de mujeres en la Administración de Justicia del Estado respecto a la proporción de mujeres en la población entre 16 y 64 años,España,1.32
2011,Índice,Ratio de la proporción de mujeres en la Administración de Justicia del Estado respecto a la proporción de mujeres en la población entre 16 y 64 años,España,1.3
2010,Índice,Ratio de la proporción de mujeres en la Administración de Justicia del Estado respecto a la proporción de mujeres en la población entre 16 y 64 años,Aragón,1.17
2022,Índice,Ratio de la proporción de mujeres en la Administración de Justicia del Estado respecto a la proporción de mujeres en la población entre 16 y 64 años,España,1.34
2021,Índice,Ratio de la proporción de mujeres en la Administración de Justicia del Estado respecto a la proporción de mujeres en la población entre 16 y 64 años,España,1.34
2023,Índice,Ratio de la proporción de mujeres en la Administración de Justicia del Estado respecto a la proporción de mujeres en la población entre 16 y 64 años,Aragón,1.34
2019,Índice,Ratio de la proporción de mujeres en la Administración de Justicia del Estado respecto a la proporción de mujeres en la población entre 16 y 64 años,Aragón,1.23
2018,Índice,Ratio de la proporción de mujeres en la Administración de Justicia del Estado respecto a la proporción de mujeres en la población entre 16 y 64 años,España,1.3
2016,Índice,Ratio de la proporción de mujeres en la Administración de Justicia del Estado respecto a la proporción de mujeres en la población entre 16 y 64 años,España,1.31
2015,Índice,Ratio de la proporción de mujeres en la Administración de Justicia del Estado respecto a la proporción de mujeres en la población entre 16 y 64 años,España,1.3
2020,Índice,Ratio de la proporción de mujeres en la Administración de Justicia del Estado respecto a la proporción de mujeres en la población entre 16 y 64 años,España,1.33
2023,Índice,Ratio de la proporción de mujeres en la Administración de Justicia del Estado respecto a la proporción de mujeres en la población entre 16 y 64 años,España,1.41
2017,Índice,Ratio de la proporción de mujeres en la Administración de Justicia del Estado respecto a la proporción de mujeres en la población entre 16 y 64 años,España,1.31
2010,Índice,Ratio de la proporción de mujeres en el sector público autonómico respecto a la proporción de mujeres en la población entre 16 y 64 años,España,1.34
2017,Índice,Ratio de la proporción de mujeres en el sector público autonómico respecto a la proporción de mujeres en la población entre 16 y 64 años,Aragón,1.49
2015,Índice,Ratio de la proporción de mujeres en el sector público autonómico respecto a la proporción de mujeres en la población entre 16 y 64 años,España,1.37
2016,Índice,Ratio de la proporción de mujeres en el sector público autonómico respecto a la proporción de mujeres en la población entre 16 y 64 años,Aragón,1.48
2016,Índice,Ratio de la proporción de mujeres en el sector público autonómico respecto a la proporción de mujeres en la población entre 16 y 64 años,España,1.38
2013,Índice,Ratio de la proporción de mujeres en el sector público autonómico respecto a la proporción de mujeres en la población entre 16 y 64 años,Aragón,1.47
2018,Índice,Ratio de la proporción de mujeres en el sector público autonómico respecto a la proporción de mujeres en la población entre 16 y 64 años,Aragón,1.49
2013,Índice,Ratio de la proporción de mujeres en el sector público autonómico respecto a la proporción de mujeres en la población entre 16 y 64 años,España,1.36
2020,Índice,Ratio de la proporción de mujeres en el sector público autonómico respecto a la proporción de mujeres en la población entre 16 y 64 años,Aragón,1.49
2014,Índice,Ratio de la proporción de mujeres en el sector público autonómico respecto a la proporción de mujeres en la población entre 16 y 64 años,España,1.36
2017,Índice,Ratio de la proporción de mujeres en el sector público autonómico respecto a la proporción de mujeres en la población entre 16 y 64 años,España,1.39
2012,Índice,Ratio de la proporción de mujeres en el sector público autonómico respecto a la proporción de mujeres en la población entre 16 y 64 años,España,1.36
2023,Índice,Ratio de la proporción de mujeres en el sector público autonómico respecto a la proporción de mujeres en la población entre 16 y 64 años,España,1.42
2011,Índice,Ratio de la proporción de mujeres en el sector público autonómico respecto a la proporción de mujeres en la población entre 16 y 64 años,España,1.34
2019,Índice,Ratio de la proporción de mujeres en el sector público autonómico respecto a la proporción de mujeres en la población entre 16 y 64 años,España,1.4
2022,Índice,Ratio de la proporción de mujeres en el sector público autonómico respecto a la proporción de mujeres en la población entre 16 y 64 años,España,1.42
2021,Índice,Ratio de la proporción de mujeres en el sector público autonómico respecto a la proporción de mujeres en la población entre 16 y 64 años,España,1.42
2022,Índice,Ratio de la proporción de mujeres en el sector público autonómico respecto a la proporción de mujeres en la población entre 16 y 64 años,Aragón,1.57
2023,Índice,Ratio de la proporción de mujeres en el sector público autonómico respecto a la proporción de mujeres en la población entre 16 y 64 años,Aragón,1.52
2011,Índice,Ratio de la proporción de mujeres en el sector público autonómico respecto a la proporción de mujeres en la población entre 16 y 64 años,Aragón,1.46
2020,Índice,Ratio de la proporción de mujeres en el sector público autonómico respecto a la proporción de mujeres en la población entre 16 y 64 años,España,1.4
2015,Índice,Ratio de la proporción de mujeres en el sector público autonómico respecto a la proporción de mujeres en la población entre 16 y 64 años,Aragón,1.47
2018,Índice,Ratio de la proporción de mujeres en el sector público autonómico respecto a la proporción de mujeres en la población entre 16 y 64 años,España,1.39
2012,Índice,Ratio de la proporción de mujeres en el sector público autonómico respecto a la proporción de mujeres en la población entre 16 y 64 años,Aragón,1.46
2021,Índice,Ratio de la proporción de mujeres en el sector público autonómico respecto a la proporción de mujeres en la población entre 16 y 64 años,Aragón,1.5
2014,Índice,Ratio de la proporción de mujeres en el sector público autonómico respecto a la proporción de mujeres en la población entre 16 y 64 años,Aragón,1.48
2010,Índice,Ratio de la proporción de mujeres en el sector público autonómico respecto a la proporción de mujeres en la población entre 16 y 64 años,Aragón,1.46
2019,Índice,Ratio de la proporción de mujeres en el sector público autonómico respecto a la proporción de mujeres en la población entre 16 y 64 años,Aragón,1.49
2023,Índice,Ratio de la proporción de mujeres en la Administración de Justicia Autonómica respecto a la proporción de mujeres en la población entre 16 y 64 años,España,1.35
2015,Índice,Ratio de la proporción de mujeres en la Administración de Justicia Autonómica respecto a la proporción de mujeres en la población entre 16 y 64 años,España,1.44
2017,Índice,Ratio de la proporción de mujeres en la Administración de Justicia Autonómica respecto a la proporción de mujeres en la población entre 16 y 64 años,España,1.45
2019,Índice,Ratio de la proporción de mujeres en la Administración de Justicia Autonómica respecto a la proporción de mujeres en la población entre 16 y 64 años,España,1.46
2014,Índice,Ratio de la proporción de mujeres en la Administración de Justicia Autonómica respecto a la proporción de mujeres en la población entre 16 y 64 años,España,1.44
2013,Índice,Ratio de la proporción de mujeres en la Administración de Justicia Autonómica respecto a la proporción de mujeres en la población entre 16 y 64 años,Aragón,1.5
2020,Índice,Ratio de la proporción de mujeres en la Administración de Justicia Autonómica respecto a la proporción de mujeres en la población entre 16 y 64 años,España,1.46
2011,Índice,Ratio de la proporción de mujeres en la Administración de Justicia Autonómica respecto a la proporción de mujeres en la población entre 16 y 64 años,Aragón,1.51
2012,Índice,Ratio de la proporción de mujeres en la Administración de Justicia Autonómica respecto a la proporción de mujeres en la población entre 16 y 64 años,Aragón,1.51
2016,Índice,Ratio de la proporción de mujeres en la Administración de Justicia Autonómica respecto a la proporción de mujeres en la población entre 16 y 64 años,España,1.45
2023,Índice,Ratio de la proporción de mujeres en la Administración de Justicia Autonómica respecto a la proporción de mujeres en la población entre 16 y 64 años,Aragón,1.48
2020,Índice,Ratio de la proporción de mujeres en la Administración de Justicia Autonómica respecto a la proporción de mujeres en la población entre 16 y 64 años,Aragón,1.49
2012,Índice,Ratio de la proporción de mujeres en la Administración de Justicia Autonómica respecto a la proporción de mujeres en la población entre 16 y 64 años,España,1.45
2014,Índice,Ratio de la proporción de mujeres en la Administración de Justicia Autonómica respecto a la proporción de mujeres en la población entre 16 y 64 años,Aragón,1.5
2013,Índice,Ratio de la proporción de mujeres en la Administración de Justicia Autonómica respecto a la proporción de mujeres en la población entre 16 y 64 años,España,1.44
2019,Índice,Ratio de la proporción de mujeres en la Administración de Justicia Autonómica respecto a la proporción de mujeres en la población entre 16 y 64 años,Aragón,1.49
2011,Índice,Ratio de la proporción de mujeres en la Administración de Justicia Autonómica respecto a la proporción de mujeres en la población entre 16 y 64 años,España,1.46
2016,Índice,Ratio de la proporción de mujeres en la Administración de Justicia Autonómica respecto a la proporción de mujeres en la población entre 16 y 64 años,Aragón,1.48
2021,Índice,Ratio de la proporción de mujeres en la Administración de Justicia Autonómica respecto a la proporción de mujeres en la población entre 16 y 64 años,España,1.46
2018,Índice,Ratio de la proporción de mujeres en la Administración de Justicia Autonómica respecto a la proporción de mujeres en la población entre 16 y 64 años,España,1.45
2017,Índice,Ratio de la proporción de mujeres en la Administración de Justicia Autonómica respecto a la proporción de mujeres en la población entre 16 y 64 años,Aragón,1.48
2010,Índice,Ratio de la proporción de mujeres en la Administración de Justicia Autonómica respecto a la proporción de mujeres en la población entre 16 y 64 años,Aragón,1.52
2018,Índice,Ratio de la proporción de mujeres en la Administración de Justicia Autonómica respecto a la proporción de mujeres en la población entre 16 y 64 años,Aragón,1.49
2022,Índice,Ratio de la proporción de mujeres en la Administración de Justicia Autonómica respecto a la proporción de mujeres en la población entre 16 y 64 años,España,1.47
2021,Índice,Ratio de la proporción de mujeres en la Administración de Justicia Autonómica respecto a la proporción de mujeres en la población entre 16 y 64 años,Aragón,1.49
2010,Índice,Ratio de la proporción de mujeres en la Administración de Justicia Autonómica respecto a la proporción de mujeres en la población entre 16 y 64 años,España,1.45
2015,Índice,Ratio de la proporción de mujeres en la Administración de Justicia Autonómica respecto a la proporción de mujeres en la población entre 16 y 64 años,Aragón,1.49
2022,Índice,Ratio de la proporción de mujeres en la Administración de Justicia Autonómica respecto a la proporción de mujeres en la población entre 16 y 64 años,Aragón,1.48
2019,Índice,Ratio de la proporción de mujeres en los centros educativos no universitarios autonómicos respecto a la proporción de mujeres en la población entre 16 y 64 años,Aragón,1.5
2012,Índice,Ratio de la proporción de mujeres en los centros educativos no universitarios autonómicos respecto a la proporción de mujeres en la población entre 16 y 64 años,Aragón,1.41
2017,Índice,Ratio de la proporción de mujeres en los centros educativos no universitarios autonómicos respecto a la proporción de mujeres en la población entre 16 y 64 años,Aragón,1.47
2013,Índice,Ratio de la proporción de mujeres en los centros educativos no universitarios autonómicos respecto a la proporción de mujeres en la población entre 16 y 64 años,Aragón,1.45
2014,Índice,Ratio de la proporción de mujeres en los centros educativos no universitarios autonómicos respecto a la proporción de mujeres en la población entre 16 y 64 años,Aragón,1.46
2011,Índice,Ratio de la proporción de mujeres en los centros educativos no universitarios autonómicos respecto a la proporción de mujeres en la población entre 16 y 64 años,Aragón,1.42
2016,Índice,Ratio de la proporción de mujeres en los centros educativos no universitarios autonómicos respecto a la proporción de mujeres en la población entre 16 y 64 años,España,1.41
2019,Índice,Ratio de la proporción de mujeres en los centros educativos no universitarios autonómicos respecto a la proporción de mujeres en la población entre 16 y 64 años,España,1.42
2015,Índice,Ratio de la proporción de mujeres en los centros educativos no universitarios autonómicos respecto a la proporción de mujeres en la población entre 16 y 64 años,Aragón,1.46
2022,Índice,Ratio de la proporción de mujeres en los centros educativos no universitarios autonómicos respecto a la proporción de mujeres en la población entre 16 y 64 años,Aragón,1.49
2017,Índice,Ratio de la proporción de mujeres en los centros educativos no universitarios autonómicos respecto a la proporción de mujeres en la población entre 16 y 64 años,España,1.42
2020,Índice,Ratio de la proporción de mujeres en los centros educativos no universitarios autonómicos respecto a la proporción de mujeres en la población entre 16 y 64 años,Aragón,1.48
2021,Índice,Ratio de la proporción de mujeres en los centros educativos no universitarios autonómicos respecto a la proporción de mujeres en la población entre 16 y 64 años,Aragón,1.48
2016,Índice,Ratio de la proporción de mujeres en los centros educativos no universitarios autonómicos respecto a la proporción de mujeres en la población entre 16 y 64 años,Aragón,1.45
2023,Índice,Ratio de la proporción de mujeres en los centros educativos no universitarios autonómicos respecto a la proporción de mujeres en la población entre 16 y 64 años,Aragón,1.48
2021,Índice,Ratio de la proporción de mujeres en los centros educativos no universitarios autonómicos respecto a la proporción de mujeres en la población entre 16 y 64 años,España,1.43
2018,Índice,Ratio de la proporción de mujeres en los centros educativos no universitarios autonómicos respecto a la proporción de mujeres en la población entre 16 y 64 años,España,1.42
2020,Índice,Ratio de la proporción de mujeres en los centros educativos no universitarios autonómicos respecto a la proporción de mujeres en la población entre 16 y 64 años,España,1.43
2023,Índice,Ratio de la proporción de mujeres en los centros educativos no universitarios autonómicos respecto a la proporción de mujeres en la población entre 16 y 64 años,España,1.44
2022,Índice,Ratio de la proporción de mujeres en los centros educativos no universitarios autonómicos respecto a la proporción de mujeres en la población entre 16 y 64 años,España,1.44
2015,Índice,Ratio de la proporción de mujeres en los centros educativos no universitarios autonómicos respecto a la proporción de mujeres en la población entre 16 y 64 años,España,1.41
2014,Índice,Ratio de la proporción de mujeres en los centros educativos no universitarios autonómicos respecto a la proporción de mujeres en la población entre 16 y 64 años,España,1.4
2010,Índice,Ratio de la proporción de mujeres en los centros educativos no universitarios autonómicos respecto a la proporción de mujeres en la población entre 16 y 64 años,Aragón,1.42
2010,Índice,Ratio de la proporción de mujeres en los centros educativos no universitarios autonómicos respecto a la proporción de mujeres en la población entre 16 y 64 años,España,1.37
2018,Índice,Ratio de la proporción de mujeres en los centros educativos no universitarios autonómicos respecto a la proporción de mujeres en la población entre 16 y 64 años,Aragón,1.48
2011,Índice,Ratio de la proporción de mujeres en los centros educativos no universitarios autonómicos respecto a la proporción de mujeres en la población entre 16 y 64 años,España,1.38
2012,Índice,Ratio de la proporción de mujeres en los centros educativos no universitarios autonómicos respecto a la proporción de mujeres en la población entre 16 y 64 años,España,1.39
2013,Índice,Ratio de la proporción de mujeres en los centros educativos no universitarios autonómicos respecto a la proporción de mujeres en la población entre 16 y 64 años,España,1.4
