Year,Units,Series,Territorio,Value
2012,Porcentaje,Proporción de la superficie agrícola en que se practica una agricultura productiva y sostenible,Aragón,2.89
2021,Porcentaje,Proporción de la superficie agrícola en que se practica una agricultura productiva y sostenible,Aragón,3.35
2015,Porcentaje,Proporción de la superficie agrícola en que se practica una agricultura productiva y sostenible,Aragón,2.52
2014,Porcentaje,Proporción de la superficie agrícola en que se practica una agricultura productiva y sostenible,Aragón,2.8
2019,Porcentaje,Proporción de la superficie agrícola en que se practica una agricultura productiva y sostenible,Aragón,2.97
2010,Porcentaje,Proporción de la superficie agrícola en que se practica una agricultura productiva y sostenible,España,6.53
2016,Porcentaje,Proporción de la superficie agrícola en que se practica una agricultura productiva y sostenible,Aragón,2.46
2020,Porcentaje,Proporción de la superficie agrícola en que se practica una agricultura productiva y sostenible,Aragón,3.2
2017,Porcentaje,Proporción de la superficie agrícola en que se practica una agricultura productiva y sostenible,Aragón,2.68
2013,Porcentaje,Proporción de la superficie agrícola en que se practica una agricultura productiva y sostenible,Aragón,2.82
2019,Porcentaje,Proporción de la superficie agrícola en que se practica una agricultura productiva y sostenible,España,9.32
2017,Porcentaje,Proporción de la superficie agrícola en que se practica una agricultura productiva y sostenible,España,8.21
2013,Porcentaje,Proporción de la superficie agrícola en que se practica una agricultura productiva y sostenible,España,6.53
2011,Porcentaje,Proporción de la superficie agrícola en que se practica una agricultura productiva y sostenible,España,7.24
2016,Porcentaje,Proporción de la superficie agrícola en que se practica una agricultura productiva y sostenible,España,7.99
2012,Porcentaje,Proporción de la superficie agrícola en que se practica una agricultura productiva y sostenible,España,7.11
2018,Porcentaje,Proporción de la superficie agrícola en que se practica una agricultura productiva y sostenible,Aragón,2.7
2011,Porcentaje,Proporción de la superficie agrícola en que se practica una agricultura productiva y sostenible,Aragón,3.44
2020,Porcentaje,Proporción de la superficie agrícola en que se practica una agricultura productiva y sostenible,España,9.65
2014,Porcentaje,Proporción de la superficie agrícola en que se practica una agricultura productiva y sostenible,España,6.75
2015,Porcentaje,Proporción de la superficie agrícola en que se practica una agricultura productiva y sostenible,España,7.79
2018,Porcentaje,Proporción de la superficie agrícola en que se practica una agricultura productiva y sostenible,España,8.88
2021,Porcentaje,Proporción de la superficie agrícola en que se practica una agricultura productiva y sostenible,España,10.41
2018,Kilotoneladas,Emisiones de amoníaco de la agricultura y ganadería,España,471.25
2018,Kilotoneladas,Emisiones de amoníaco de la agricultura y ganadería,Aragón,56.26
2012,Kilotoneladas,Emisiones de amoníaco de la agricultura y ganadería,Aragón,44.13
2016,Kilotoneladas,Emisiones de amoníaco de la agricultura y ganadería,Aragón,51.36
2014,Kilotoneladas,Emisiones de amoníaco de la agricultura y ganadería,Aragón,49.57
2011,Kilotoneladas,Emisiones de amoníaco de la agricultura y ganadería,España,431.66
2017,Kilotoneladas,Emisiones de amoníaco de la agricultura y ganadería,Aragón,55.13
2021,Kilotoneladas,Emisiones de amoníaco de la agricultura y ganadería,Aragón,60.22
2010,Kilotoneladas,Emisiones de amoníaco de la agricultura y ganadería,Aragón,43.5
2017,Kilotoneladas,Emisiones de amoníaco de la agricultura y ganadería,España,474.84
2020,Kilotoneladas,Emisiones de amoníaco de la agricultura y ganadería,España,478.27
2010,Kilotoneladas,Emisiones de amoníaco de la agricultura y ganadería,España,442.85
2021,Kilotoneladas,Emisiones de amoníaco de la agricultura y ganadería,España,465.98
2016,Kilotoneladas,Emisiones de amoníaco de la agricultura y ganadería,España,458.94
2013,Kilotoneladas,Emisiones de amoníaco de la agricultura y ganadería,Aragón,47.02
2013,Kilotoneladas,Emisiones de amoníaco de la agricultura y ganadería,España,432.75
2012,Kilotoneladas,Emisiones de amoníaco de la agricultura y ganadería,España,429.52
2011,Kilotoneladas,Emisiones de amoníaco de la agricultura y ganadería,Aragón,43.54
2019,Kilotoneladas,Emisiones de amoníaco de la agricultura y ganadería,Aragón,55.62
2019,Kilotoneladas,Emisiones de amoníaco de la agricultura y ganadería,España,464.77
2015,Kilotoneladas,Emisiones de amoníaco de la agricultura y ganadería,España,456.85
2015,Kilotoneladas,Emisiones de amoníaco de la agricultura y ganadería,Aragón,50.63
2014,Kilotoneladas,Emisiones de amoníaco de la agricultura y ganadería,España,453.17
2020,Kilotoneladas,Emisiones de amoníaco de la agricultura y ganadería,Aragón,60.68
2012,Kilogramos,Emisiones de amoníaco por hectárea de la agricultura y ganadería,España,16.89
2012,Kilogramos,Emisiones de amoníaco por hectárea de la agricultura y ganadería,Aragón,20.92
2014,Kilogramos,Emisiones de amoníaco por hectárea de la agricultura y ganadería,Aragón,23.54
2010,Kilogramos,Emisiones de amoníaco por hectárea de la agricultura y ganadería,España,17.52
2015,Kilogramos,Emisiones de amoníaco por hectárea de la agricultura y ganadería,España,18.09
2017,Kilogramos,Emisiones de amoníaco por hectárea de la agricultura y ganadería,España,18.72
2017,Kilogramos,Emisiones de amoníaco por hectárea de la agricultura y ganadería,Aragón,26.13
2019,Kilogramos,Emisiones de amoníaco por hectárea de la agricultura y ganadería,España,18.39
2014,Kilogramos,Emisiones de amoníaco por hectárea de la agricultura y ganadería,España,17.87
2013,Kilogramos,Emisiones de amoníaco por hectárea de la agricultura y ganadería,España,17.01
2011,Kilogramos,Emisiones de amoníaco por hectárea de la agricultura y ganadería,España,16.93
2021,Kilogramos,Emisiones de amoníaco por hectárea de la agricultura y ganadería,España,18.41
2020,Kilogramos,Emisiones de amoníaco por hectárea de la agricultura y ganadería,España,18.93
2013,Kilogramos,Emisiones de amoníaco por hectárea de la agricultura y ganadería,Aragón,22.31
2016,Kilogramos,Emisiones de amoníaco por hectárea de la agricultura y ganadería,España,18.17
2018,Kilogramos,Emisiones de amoníaco por hectárea de la agricultura y ganadería,Aragón,26.75
2018,Kilogramos,Emisiones de amoníaco por hectárea de la agricultura y ganadería,España,18.63
2011,Kilogramos,Emisiones de amoníaco por hectárea de la agricultura y ganadería,Aragón,20.6
2019,Kilogramos,Emisiones de amoníaco por hectárea de la agricultura y ganadería,Aragón,26.47
2016,Kilogramos,Emisiones de amoníaco por hectárea de la agricultura y ganadería,Aragón,24.34
2020,Kilogramos,Emisiones de amoníaco por hectárea de la agricultura y ganadería,Aragón,28.89
2021,Kilogramos,Emisiones de amoníaco por hectárea de la agricultura y ganadería,Aragón,28.67
2010,Kilogramos,Emisiones de amoníaco por hectárea de la agricultura y ganadería,Aragón,21.24
2015,Kilogramos,Emisiones de amoníaco por hectárea de la agricultura y ganadería,Aragón,24.0
2019,Kilotoneladas,Emisiones de amoníaco de la agricultura,Aragón,26.99
2017,Kilotoneladas,Emisiones de amoníaco de la agricultura,Aragón,28.42
2016,Kilotoneladas,Emisiones de amoníaco de la agricultura,España,246.15
2015,Kilotoneladas,Emisiones de amoníaco de la agricultura,Aragón,26.56
2020,Kilotoneladas,Emisiones de amoníaco de la agricultura,Aragón,29.45
2016,Kilotoneladas,Emisiones de amoníaco de la agricultura,Aragón,26.39
2018,Kilotoneladas,Emisiones de amoníaco de la agricultura,Aragón,27.77
2013,Kilotoneladas,Emisiones de amoníaco de la agricultura,España,230.75
2018,Kilotoneladas,Emisiones de amoníaco de la agricultura,España,250.06
2012,Kilotoneladas,Emisiones de amoníaco de la agricultura,España,225.53
2011,Kilotoneladas,Emisiones de amoníaco de la agricultura,España,227.46
2021,Kilotoneladas,Emisiones de amoníaco de la agricultura,Aragón,28.4
2020,Kilotoneladas,Emisiones de amoníaco de la agricultura,España,254.27
2010,Kilotoneladas,Emisiones de amoníaco de la agricultura,España,236.78
2017,Kilotoneladas,Emisiones de amoníaco de la agricultura,España,258.85
2021,Kilotoneladas,Emisiones de amoníaco de la agricultura,España,241.4
2015,Kilotoneladas,Emisiones de amoníaco de la agricultura,España,247.58
2014,Kilotoneladas,Emisiones de amoníaco de la agricultura,España,248.27
2012,Kilotoneladas,Emisiones de amoníaco de la agricultura,Aragón,21.93
2014,Kilotoneladas,Emisiones de amoníaco de la agricultura,Aragón,26.26
2013,Kilotoneladas,Emisiones de amoníaco de la agricultura,Aragón,23.88
2011,Kilotoneladas,Emisiones de amoníaco de la agricultura,Aragón,22.01
2010,Kilotoneladas,Emisiones de amoníaco de la agricultura,Aragón,22.55
2019,Kilotoneladas,Emisiones de amoníaco de la agricultura,España,243.83
2012,Kilogramos,Emisiones de amoníaco por hectárea de la agricultura,España,13.21
2018,Kilogramos,Emisiones de amoníaco por hectárea de la agricultura,España,14.7
2020,Kilogramos,Emisiones de amoníaco por hectárea de la agricultura,España,15.02
2012,Kilogramos,Emisiones de amoníaco por hectárea de la agricultura,Aragón,12.28
2010,Kilogramos,Emisiones de amoníaco por hectárea de la agricultura,España,13.76
2017,Kilogramos,Emisiones de amoníaco por hectárea de la agricultura,España,15.22
2010,Kilogramos,Emisiones de amoníaco por hectárea de la agricultura,Aragón,12.63
2011,Kilogramos,Emisiones de amoníaco por hectárea de la agricultura,España,13.31
2014,Kilogramos,Emisiones de amoníaco por hectárea de la agricultura,España,14.62
2015,Kilogramos,Emisiones de amoníaco por hectárea de la agricultura,Aragón,14.86
2013,Kilogramos,Emisiones de amoníaco por hectárea de la agricultura,España,13.59
2016,Kilogramos,Emisiones de amoníaco por hectárea de la agricultura,España,14.49
2018,Kilogramos,Emisiones de amoníaco por hectárea de la agricultura,Aragón,15.51
2021,Kilogramos,Emisiones de amoníaco por hectárea de la agricultura,Aragón,15.87
2016,Kilogramos,Emisiones de amoníaco por hectárea de la agricultura,Aragón,14.76
2017,Kilogramos,Emisiones de amoníaco por hectárea de la agricultura,Aragón,15.89
2015,Kilogramos,Emisiones de amoníaco por hectárea de la agricultura,España,14.58
2013,Kilogramos,Emisiones de amoníaco por hectárea de la agricultura,Aragón,13.41
2019,Kilogramos,Emisiones de amoníaco por hectárea de la agricultura,Aragón,15.08
2021,Kilogramos,Emisiones de amoníaco por hectárea de la agricultura,España,14.28
2019,Kilogramos,Emisiones de amoníaco por hectárea de la agricultura,España,14.36
2020,Kilogramos,Emisiones de amoníaco por hectárea de la agricultura,Aragón,16.46
2014,Kilogramos,Emisiones de amoníaco por hectárea de la agricultura,Aragón,14.74
2011,Kilogramos,Emisiones de amoníaco por hectárea de la agricultura,Aragón,12.34
2017,Kilotoneladas,Emisiones de amoníaco de la ganadería,Aragón,26.71
2015,Kilotoneladas,Emisiones de amoníaco de la ganadería,Aragón,24.07
2018,Kilotoneladas,Emisiones de amoníaco de la ganadería,España,221.19
2020,Kilotoneladas,Emisiones de amoníaco de la ganadería,España,224.0
2010,Kilotoneladas,Emisiones de amoníaco de la ganadería,Aragón,20.94
2014,Kilotoneladas,Emisiones de amoníaco de la ganadería,Aragón,23.31
2012,Kilotoneladas,Emisiones de amoníaco de la ganadería,Aragón,22.2
2013,Kilotoneladas,Emisiones de amoníaco de la ganadería,Aragón,23.13
2011,Kilotoneladas,Emisiones de amoníaco de la ganadería,Aragón,21.44
2021,Kilotoneladas,Emisiones de amoníaco de la ganadería,España,224.57
2010,Kilotoneladas,Emisiones de amoníaco de la ganadería,España,206.07
2018,Kilotoneladas,Emisiones de amoníaco de la ganadería,Aragón,28.49
2016,Kilotoneladas,Emisiones de amoníaco de la ganadería,Aragón,24.97
2019,Kilotoneladas,Emisiones de amoníaco de la ganadería,Aragón,28.63
2017,Kilotoneladas,Emisiones de amoníaco de la ganadería,España,215.99
2011,Kilotoneladas,Emisiones de amoníaco de la ganadería,España,204.2
2016,Kilotoneladas,Emisiones de amoníaco de la ganadería,España,212.79
2019,Kilotoneladas,Emisiones de amoníaco de la ganadería,España,220.93
2015,Kilotoneladas,Emisiones de amoníaco de la ganadería,España,209.27
2013,Kilotoneladas,Emisiones de amoníaco de la ganadería,España,202.0
2020,Kilotoneladas,Emisiones de amoníaco de la ganadería,Aragón,31.23
2012,Kilotoneladas,Emisiones de amoníaco de la ganadería,España,203.99
2014,Kilotoneladas,Emisiones de amoníaco de la ganadería,España,204.9
2021,Kilotoneladas,Emisiones de amoníaco de la ganadería,Aragón,31.82
2010,Kilogramos,Emisiones de amoníaco por hectárea de la ganadería,España,25.54
2018,Kilogramos,Emisiones de amoníaco por hectárea de la ganadería,España,26.72
2017,Kilogramos,Emisiones de amoníaco por hectárea de la ganadería,España,25.83
2019,Kilogramos,Emisiones de amoníaco por hectárea de la ganadería,Aragón,91.97
2021,Kilogramos,Emisiones de amoníaco por hectárea de la ganadería,Aragón,102.35
2019,Kilogramos,Emisiones de amoníaco por hectárea de la ganadería,España,26.67
2016,Kilogramos,Emisiones de amoníaco por hectárea de la ganadería,España,25.74
2020,Kilogramos,Emisiones de amoníaco por hectárea de la ganadería,Aragón,100.36
2012,Kilogramos,Emisiones de amoníaco por hectárea de la ganadería,España,24.4
2017,Kilogramos,Emisiones de amoníaco por hectárea de la ganadería,Aragón,83.12
2010,Kilogramos,Emisiones de amoníaco por hectárea de la ganadería,Aragón,79.89
2013,Kilogramos,Emisiones de amoníaco por hectárea de la ganadería,España,23.87
2014,Kilogramos,Emisiones de amoníaco por hectárea de la ganadería,España,24.45
2015,Kilogramos,Emisiones de amoníaco por hectárea de la ganadería,Aragón,74.71
2012,Kilogramos,Emisiones de amoníaco por hectárea de la ganadería,Aragón,68.45
2014,Kilogramos,Emisiones de amoníaco por hectárea de la ganadería,Aragón,72.01
2013,Kilogramos,Emisiones de amoníaco por hectárea de la ganadería,Aragón,70.95
2021,Kilogramos,Emisiones de amoníaco por hectárea de la ganadería,España,26.71
2020,Kilogramos,Emisiones de amoníaco por hectárea de la ganadería,España,26.88
2016,Kilogramos,Emisiones de amoníaco por hectárea de la ganadería,Aragón,77.55
2015,Kilogramos,Emisiones de amoníaco por hectárea de la ganadería,España,25.29
2011,Kilogramos,Emisiones de amoníaco por hectárea de la ganadería,Aragón,66.39
2011,Kilogramos,Emisiones de amoníaco por hectárea de la ganadería,España,24.32
2018,Kilogramos,Emisiones de amoníaco por hectárea de la ganadería,Aragón,91.32
