Year,Units,Series,Territorio,Value
2020,Porcentaje,Proporción de personas entre 18 y 20 años que han completado al menos la primera etapa de enseñanza secundaria,Aragón,96.01
2019,Porcentaje,Proporción de personas entre 18 y 20 años que han completado al menos la primera etapa de enseñanza secundaria,Aragón,97.95
2017,Porcentaje,Proporción de personas entre 18 y 20 años que han completado al menos la primera etapa de enseñanza secundaria,España,96.01
2021,Porcentaje,Proporción de personas entre 18 y 20 años que han completado al menos la primera etapa de enseñanza secundaria,Aragón,93.24
2018,Porcentaje,Proporción de personas entre 18 y 20 años que han completado al menos la primera etapa de enseñanza secundaria,Aragón,94.34
2022,Porcentaje,Proporción de personas entre 18 y 20 años que han completado al menos la primera etapa de enseñanza secundaria,España,96.84
2016,Porcentaje,Proporción de personas entre 18 y 20 años que han completado al menos la primera etapa de enseñanza secundaria,Aragón,94.71
2023,Porcentaje,Proporción de personas entre 18 y 20 años que han completado al menos la primera etapa de enseñanza secundaria,Aragón,97.65
2014,Porcentaje,Proporción de personas entre 18 y 20 años que han completado al menos la primera etapa de enseñanza secundaria,Aragón,93.05
2022,Porcentaje,Proporción de personas entre 18 y 20 años que han completado al menos la primera etapa de enseñanza secundaria,Aragón,95.13
2021,Porcentaje,Proporción de personas entre 18 y 20 años que han completado al menos la primera etapa de enseñanza secundaria,España,96.6
2016,Porcentaje,Proporción de personas entre 18 y 20 años que han completado al menos la primera etapa de enseñanza secundaria,España,95.09
2015,Porcentaje,Proporción de personas entre 18 y 20 años que han completado al menos la primera etapa de enseñanza secundaria,Aragón,92.41
2015,Porcentaje,Proporción de personas entre 18 y 20 años que han completado al menos la primera etapa de enseñanza secundaria,España,95.4
2017,Porcentaje,Proporción de personas entre 18 y 20 años que han completado al menos la primera etapa de enseñanza secundaria,Aragón,95.1
2020,Porcentaje,Proporción de personas entre 18 y 20 años que han completado al menos la primera etapa de enseñanza secundaria,España,96.26
2018,Porcentaje,Proporción de personas entre 18 y 20 años que han completado al menos la primera etapa de enseñanza secundaria,España,96.07
2019,Porcentaje,Proporción de personas entre 18 y 20 años que han completado al menos la primera etapa de enseñanza secundaria,España,96.18
2023,Porcentaje,Proporción de hombres entre 18 y 20 años que han completado al menos la primera etapa de enseñanza secundaria,Aragón,98.07
2022,Porcentaje,Proporción de hombres entre 18 y 20 años que han completado al menos la primera etapa de enseñanza secundaria,Aragón,93.63
2015,Porcentaje,Proporción de hombres entre 18 y 20 años que han completado al menos la primera etapa de enseñanza secundaria,España,94.38
2018,Porcentaje,Proporción de hombres entre 18 y 20 años que han completado al menos la primera etapa de enseñanza secundaria,España,95.14
2021,Porcentaje,Proporción de hombres entre 18 y 20 años que han completado al menos la primera etapa de enseñanza secundaria,Aragón,90.1
2016,Porcentaje,Proporción de hombres entre 18 y 20 años que han completado al menos la primera etapa de enseñanza secundaria,Aragón,94.35
2018,Porcentaje,Proporción de hombres entre 18 y 20 años que han completado al menos la primera etapa de enseñanza secundaria,Aragón,94.09
2016,Porcentaje,Proporción de hombres entre 18 y 20 años que han completado al menos la primera etapa de enseñanza secundaria,España,94.05
2019,Porcentaje,Proporción de hombres entre 18 y 20 años que han completado al menos la primera etapa de enseñanza secundaria,España,95.32
2015,Porcentaje,Proporción de hombres entre 18 y 20 años que han completado al menos la primera etapa de enseñanza secundaria,Aragón,91.48
2019,Porcentaje,Proporción de hombres entre 18 y 20 años que han completado al menos la primera etapa de enseñanza secundaria,Aragón,98.28
2020,Porcentaje,Proporción de hombres entre 18 y 20 años que han completado al menos la primera etapa de enseñanza secundaria,España,95.39
2020,Porcentaje,Proporción de hombres entre 18 y 20 años que han completado al menos la primera etapa de enseñanza secundaria,Aragón,96.14
2014,Porcentaje,Proporción de hombres entre 18 y 20 años que han completado al menos la primera etapa de enseñanza secundaria,Aragón,91.35
2021,Porcentaje,Proporción de hombres entre 18 y 20 años que han completado al menos la primera etapa de enseñanza secundaria,España,95.42
2017,Porcentaje,Proporción de hombres entre 18 y 20 años que han completado al menos la primera etapa de enseñanza secundaria,Aragón,95.52
2022,Porcentaje,Proporción de hombres entre 18 y 20 años que han completado al menos la primera etapa de enseñanza secundaria,España,96.35
2017,Porcentaje,Proporción de hombres entre 18 y 20 años que han completado al menos la primera etapa de enseñanza secundaria,España,95.22
2020,Porcentaje,Proporción de mujeres entre 18 y 20 años que han completado al menos la primera etapa de enseñanza secundaria,España,97.16
2018,Porcentaje,Proporción de mujeres entre 18 y 20 años que han completado al menos la primera etapa de enseñanza secundaria,España,97.05
2019,Porcentaje,Proporción de mujeres entre 18 y 20 años que han completado al menos la primera etapa de enseñanza secundaria,España,97.09
2015,Porcentaje,Proporción de mujeres entre 18 y 20 años que han completado al menos la primera etapa de enseñanza secundaria,España,96.49
2017,Porcentaje,Proporción de mujeres entre 18 y 20 años que han completado al menos la primera etapa de enseñanza secundaria,España,96.87
2016,Porcentaje,Proporción de mujeres entre 18 y 20 años que han completado al menos la primera etapa de enseñanza secundaria,España,96.19
2021,Porcentaje,Proporción de mujeres entre 18 y 20 años que han completado al menos la primera etapa de enseñanza secundaria,Aragón,95.87
2018,Porcentaje,Proporción de mujeres entre 18 y 20 años que han completado al menos la primera etapa de enseñanza secundaria,Aragón,94.59
2022,Porcentaje,Proporción de mujeres entre 18 y 20 años que han completado al menos la primera etapa de enseñanza secundaria,España,97.34
2019,Porcentaje,Proporción de mujeres entre 18 y 20 años que han completado al menos la primera etapa de enseñanza secundaria,Aragón,94.63
2017,Porcentaje,Proporción de mujeres entre 18 y 20 años que han completado al menos la primera etapa de enseñanza secundaria,Aragón,95.1
2016,Porcentaje,Proporción de mujeres entre 18 y 20 años que han completado al menos la primera etapa de enseñanza secundaria,Aragón,93.31
2015,Porcentaje,Proporción de mujeres entre 18 y 20 años que han completado al menos la primera etapa de enseñanza secundaria,Aragón,95.29
2021,Porcentaje,Proporción de mujeres entre 18 y 20 años que han completado al menos la primera etapa de enseñanza secundaria,España,97.89
2020,Porcentaje,Proporción de mujeres entre 18 y 20 años que han completado al menos la primera etapa de enseñanza secundaria,Aragón,97.57
2023,Porcentaje,Proporción de mujeres entre 18 y 20 años que han completado al menos la primera etapa de enseñanza secundaria,Aragón,97.05
2022,Porcentaje,Proporción de mujeres entre 18 y 20 años que han completado al menos la primera etapa de enseñanza secundaria,Aragón,97.67
2016,Porcentaje,Proporción de personas entre 20 y 22 años que han completado al menos la segunda etapa de enseñanza secundaria,España,69.67
2023,Porcentaje,Proporción de personas entre 20 y 22 años que han completado al menos la segunda etapa de enseñanza secundaria,Aragón,82.01
2018,Porcentaje,Proporción de personas entre 20 y 22 años que han completado al menos la segunda etapa de enseñanza secundaria,Aragón,70.7
2015,Porcentaje,Proporción de personas entre 20 y 22 años que han completado al menos la segunda etapa de enseñanza secundaria,España,68.75
2020,Porcentaje,Proporción de personas entre 20 y 22 años que han completado al menos la segunda etapa de enseñanza secundaria,Aragón,78.4
2014,Porcentaje,Proporción de personas entre 20 y 22 años que han completado al menos la segunda etapa de enseñanza secundaria,Aragón,65.69
2019,Porcentaje,Proporción de personas entre 20 y 22 años que han completado al menos la segunda etapa de enseñanza secundaria,España,73.4
2022,Porcentaje,Proporción de personas entre 20 y 22 años que han completado al menos la segunda etapa de enseñanza secundaria,Aragón,80.63
2017,Porcentaje,Proporción de personas entre 20 y 22 años que han completado al menos la segunda etapa de enseñanza secundaria,Aragón,75.43
2019,Porcentaje,Proporción de personas entre 20 y 22 años que han completado al menos la segunda etapa de enseñanza secundaria,Aragón,79.06
2022,Porcentaje,Proporción de personas entre 20 y 22 años que han completado al menos la segunda etapa de enseñanza secundaria,España,78.56
2016,Porcentaje,Proporción de personas entre 20 y 22 años que han completado al menos la segunda etapa de enseñanza secundaria,Aragón,68.66
2021,Porcentaje,Proporción de personas entre 20 y 22 años que han completado al menos la segunda etapa de enseñanza secundaria,España,78.12
2021,Porcentaje,Proporción de personas entre 20 y 22 años que han completado al menos la segunda etapa de enseñanza secundaria,Aragón,78.95
2018,Porcentaje,Proporción de personas entre 20 y 22 años que han completado al menos la segunda etapa de enseñanza secundaria,España,71.52
2015,Porcentaje,Proporción de personas entre 20 y 22 años que han completado al menos la segunda etapa de enseñanza secundaria,Aragón,67.09
2020,Porcentaje,Proporción de personas entre 20 y 22 años que han completado al menos la segunda etapa de enseñanza secundaria,España,75.41
2017,Porcentaje,Proporción de personas entre 20 y 22 años que han completado al menos la segunda etapa de enseñanza secundaria,España,70.43
2018,Porcentaje,Proporción de hombres entre 20 y 22 años que han completado al menos la segunda etapa de enseñanza secundaria,España,65.6
2022,Porcentaje,Proporción de hombres entre 20 y 22 años que han completado al menos la segunda etapa de enseñanza secundaria,Aragón,71.66
2023,Porcentaje,Proporción de hombres entre 20 y 22 años que han completado al menos la segunda etapa de enseñanza secundaria,Aragón,77.03
2016,Porcentaje,Proporción de hombres entre 20 y 22 años que han completado al menos la segunda etapa de enseñanza secundaria,España,64.3
2018,Porcentaje,Proporción de hombres entre 20 y 22 años que han completado al menos la segunda etapa de enseñanza secundaria,Aragón,73.55
2020,Porcentaje,Proporción de hombres entre 20 y 22 años que han completado al menos la segunda etapa de enseñanza secundaria,España,69.68
2021,Porcentaje,Proporción de hombres entre 20 y 22 años que han completado al menos la segunda etapa de enseñanza secundaria,España,74.14
2021,Porcentaje,Proporción de hombres entre 20 y 22 años que han completado al menos la segunda etapa de enseñanza secundaria,Aragón,75.02
2019,Porcentaje,Proporción de hombres entre 20 y 22 años que han completado al menos la segunda etapa de enseñanza secundaria,Aragón,66.65
2017,Porcentaje,Proporción de hombres entre 20 y 22 años que han completado al menos la segunda etapa de enseñanza secundaria,España,65.16
2020,Porcentaje,Proporción de hombres entre 20 y 22 años que han completado al menos la segunda etapa de enseñanza secundaria,Aragón,70.46
2019,Porcentaje,Proporción de hombres entre 20 y 22 años que han completado al menos la segunda etapa de enseñanza secundaria,España,67.65
2022,Porcentaje,Proporción de hombres entre 20 y 22 años que han completado al menos la segunda etapa de enseñanza secundaria,España,75.38
2016,Porcentaje,Proporción de hombres entre 20 y 22 años que han completado al menos la segunda etapa de enseñanza secundaria,Aragón,65.55
2015,Porcentaje,Proporción de hombres entre 20 y 22 años que han completado al menos la segunda etapa de enseñanza secundaria,España,62.94
2017,Porcentaje,Proporción de hombres entre 20 y 22 años que han completado al menos la segunda etapa de enseñanza secundaria,Aragón,59.58
2015,Porcentaje,Proporción de hombres entre 20 y 22 años que han completado al menos la segunda etapa de enseñanza secundaria,Aragón,59.81
2017,Porcentaje,Proporción de mujeres entre 20 y 22 años que han completado al menos la segunda etapa de enseñanza secundaria,España,76.09
2018,Porcentaje,Proporción de mujeres entre 20 y 22 años que han completado al menos la segunda etapa de enseñanza secundaria,Aragón,74.63
2015,Porcentaje,Proporción de mujeres entre 20 y 22 años que han completado al menos la segunda etapa de enseñanza secundaria,España,74.86
2016,Porcentaje,Proporción de mujeres entre 20 y 22 años que han completado al menos la segunda etapa de enseñanza secundaria,España,75.36
2022,Porcentaje,Proporción de mujeres entre 20 y 22 años que han completado al menos la segunda etapa de enseñanza secundaria,España,81.85
2019,Porcentaje,Proporción de mujeres entre 20 y 22 años que han completado al menos la segunda etapa de enseñanza secundaria,España,79.48
2014,Porcentaje,Proporción de mujeres entre 20 y 22 años que han completado al menos la segunda etapa de enseñanza secundaria,Aragón,72.34
2020,Porcentaje,Proporción de mujeres entre 20 y 22 años que han completado al menos la segunda etapa de enseñanza secundaria,España,81.48
2016,Porcentaje,Proporción de mujeres entre 20 y 22 años que han completado al menos la segunda etapa de enseñanza secundaria,Aragón,77.7
2019,Porcentaje,Proporción de mujeres entre 20 y 22 años que han completado al menos la segunda etapa de enseñanza secundaria,Aragón,87.67
2021,Porcentaje,Proporción de mujeres entre 20 y 22 años que han completado al menos la segunda etapa de enseñanza secundaria,España,82.29
2015,Porcentaje,Proporción de mujeres entre 20 y 22 años que han completado al menos la segunda etapa de enseñanza secundaria,Aragón,68.51
2021,Porcentaje,Proporción de mujeres entre 20 y 22 años que han completado al menos la segunda etapa de enseñanza secundaria,Aragón,87.39
2017,Porcentaje,Proporción de mujeres entre 20 y 22 años que han completado al menos la segunda etapa de enseñanza secundaria,Aragón,77.15
2018,Porcentaje,Proporción de mujeres entre 20 y 22 años que han completado al menos la segunda etapa de enseñanza secundaria,España,77.74
2022,Porcentaje,Proporción de mujeres entre 20 y 22 años que han completado al menos la segunda etapa de enseñanza secundaria,Aragón,84.96
2020,Porcentaje,Proporción de mujeres entre 20 y 22 años que han completado al menos la segunda etapa de enseñanza secundaria,Aragón,81.97
2023,Porcentaje,Proporción de mujeres entre 20 y 22 años que han completado al menos la segunda etapa de enseñanza secundaria,Aragón,87.53
