Year,Units,Series,Territorio,Value
2017,Porcentaje,Proporción de centros educativos no universitarios con acceso a electricidad,España,100.0
2018,Porcentaje,Proporción de centros educativos no universitarios con acceso a electricidad,España,100.0
2019,Porcentaje,Proporción de centros educativos no universitarios con acceso a electricidad,España,100.0
2016,Porcentaje,Proporción de centros educativos no universitarios con acceso a electricidad,España,100.0
2016,Porcentaje,Proporción de centros educativos no universitarios con acceso a electricidad,Aragón,100.0
2023,Porcentaje,Proporción de centros educativos no universitarios con acceso a electricidad,Aragón,100.0
2015,Porcentaje,Proporción de centros educativos no universitarios con acceso a electricidad,España,100.0
2015,Porcentaje,Proporción de centros educativos no universitarios con acceso a electricidad,Aragón,100.0
2012,Porcentaje,Proporción de centros educativos no universitarios con acceso a electricidad,Aragón,100.0
2022,Porcentaje,Proporción de centros educativos no universitarios con acceso a electricidad,Aragón,100.0
2021,Porcentaje,Proporción de centros educativos no universitarios con acceso a electricidad,España,100.0
2011,Porcentaje,Proporción de centros educativos no universitarios con acceso a electricidad,España,100.0
2020,Porcentaje,Proporción de centros educativos no universitarios con acceso a electricidad,España,100.0
2014,Porcentaje,Proporción de centros educativos no universitarios con acceso a electricidad,Aragón,100.0
2020,Porcentaje,Proporción de centros educativos no universitarios con acceso a electricidad,Aragón,100.0
2010,Porcentaje,Proporción de centros educativos no universitarios con acceso a electricidad,Aragón,100.0
2022,Porcentaje,Proporción de centros educativos no universitarios con acceso a electricidad,España,100.0
2019,Porcentaje,Proporción de centros educativos no universitarios con acceso a electricidad,Aragón,100.0
2017,Porcentaje,Proporción de centros educativos no universitarios con acceso a electricidad,Aragón,100.0
2011,Porcentaje,Proporción de centros educativos no universitarios con acceso a electricidad,Aragón,100.0
2010,Porcentaje,Proporción de centros educativos no universitarios con acceso a electricidad,España,100.0
2023,Porcentaje,Proporción de centros educativos no universitarios con acceso a electricidad,España,100.0
2013,Porcentaje,Proporción de centros educativos no universitarios con acceso a electricidad,España,100.0
2021,Porcentaje,Proporción de centros educativos no universitarios con acceso a electricidad,Aragón,100.0
2013,Porcentaje,Proporción de centros educativos no universitarios con acceso a electricidad,Aragón,100.0
2012,Porcentaje,Proporción de centros educativos no universitarios con acceso a electricidad,España,100.0
2018,Porcentaje,Proporción de centros educativos no universitarios con acceso a electricidad,Aragón,100.0
2014,Porcentaje,Proporción de centros educativos no universitarios con acceso a electricidad,España,100.0
2013,Porcentaje,Proporción de aulas habituales de clase con conexión a Internet en centros educativos no universitarios,España,89.8
2011,Porcentaje,Proporción de aulas habituales de clase con conexión a Internet en centros educativos no universitarios,España,80.6
2015,Porcentaje,Proporción de aulas habituales de clase con conexión a Internet en centros educativos no universitarios,España,92.7
2014,Porcentaje,Proporción de aulas habituales de clase con conexión a Internet en centros educativos no universitarios,España,91.5
2019,Porcentaje,Proporción de aulas habituales de clase con conexión a Internet en centros educativos no universitarios,Aragón,84.0
2021,Porcentaje,Proporción de aulas habituales de clase con conexión a Internet en centros educativos no universitarios,Aragón,83.0
2019,Porcentaje,Proporción de aulas habituales de clase con conexión a Internet en centros educativos no universitarios,España,96.8
2014,Porcentaje,Proporción de aulas habituales de clase con conexión a Internet en centros educativos no universitarios,Aragón,97.3
2012,Porcentaje,Proporción de aulas habituales de clase con conexión a Internet en centros educativos no universitarios,España,86.7
2017,Porcentaje,Proporción de aulas habituales de clase con conexión a Internet en centros educativos no universitarios,Aragón,88.3
2013,Porcentaje,Proporción de aulas habituales de clase con conexión a Internet en centros educativos no universitarios,Aragón,94.4
2021,Porcentaje,Proporción de aulas habituales de clase con conexión a Internet en centros educativos no universitarios,España,97.4
2011,Porcentaje,Proporción de aulas habituales de clase con conexión a Internet en centros educativos no universitarios,Aragón,90.4
2012,Porcentaje,Proporción de aulas habituales de clase con conexión a Internet en centros educativos no universitarios,Aragón,93.3
2017,Porcentaje,Proporción de aulas habituales de clase con conexión a Internet en centros educativos no universitarios,España,94.6
2015,Porcentaje,Proporción de aulas habituales de clase con conexión a Internet en centros educativos no universitarios,Aragón,96.9
2017,Número,Alumnado medio por ordenador destinado a tareas de enseñanza y aprendizaje en centros educativos no universitarios,España,3.0
2014,Número,Alumnado medio por ordenador destinado a tareas de enseñanza y aprendizaje en centros educativos no universitarios,Aragón,2.6
2011,Número,Alumnado medio por ordenador destinado a tareas de enseñanza y aprendizaje en centros educativos no universitarios,Aragón,3.3
2013,Número,Alumnado medio por ordenador destinado a tareas de enseñanza y aprendizaje en centros educativos no universitarios,Aragón,2.6
2017,Número,Alumnado medio por ordenador destinado a tareas de enseñanza y aprendizaje en centros educativos no universitarios,Aragón,2.5
2010,Número,Alumnado medio por ordenador destinado a tareas de enseñanza y aprendizaje en centros educativos no universitarios,Aragón,4.1
2019,Número,Alumnado medio por ordenador destinado a tareas de enseñanza y aprendizaje en centros educativos no universitarios,España,2.9
2011,Número,Alumnado medio por ordenador destinado a tareas de enseñanza y aprendizaje en centros educativos no universitarios,España,3.5
2010,Número,Alumnado medio por ordenador destinado a tareas de enseñanza y aprendizaje en centros educativos no universitarios,España,4.3
2014,Número,Alumnado medio por ordenador destinado a tareas de enseñanza y aprendizaje en centros educativos no universitarios,España,3.0
2015,Número,Alumnado medio por ordenador destinado a tareas de enseñanza y aprendizaje en centros educativos no universitarios,España,3.0
2013,Número,Alumnado medio por ordenador destinado a tareas de enseñanza y aprendizaje en centros educativos no universitarios,España,3.1
2012,Número,Alumnado medio por ordenador destinado a tareas de enseñanza y aprendizaje en centros educativos no universitarios,España,3.2
2021,Número,Alumnado medio por ordenador destinado a tareas de enseñanza y aprendizaje en centros educativos no universitarios,España,2.5
2012,Número,Alumnado medio por ordenador destinado a tareas de enseñanza y aprendizaje en centros educativos no universitarios,Aragón,2.9
2015,Número,Alumnado medio por ordenador destinado a tareas de enseñanza y aprendizaje en centros educativos no universitarios,Aragón,2.5
2019,Número,Alumnado medio por ordenador destinado a tareas de enseñanza y aprendizaje en centros educativos no universitarios,Aragón,2.6
2021,Número,Alumnado medio por ordenador destinado a tareas de enseñanza y aprendizaje en centros educativos no universitarios,Aragón,2.6
2022,Porcentaje,Proporción de centros educativos no universitarios con acceso a suministro básico de agua potable,España,100.0
2011,Porcentaje,Proporción de centros educativos no universitarios con acceso a suministro básico de agua potable,Aragón,100.0
2013,Porcentaje,Proporción de centros educativos no universitarios con acceso a suministro básico de agua potable,Aragón,100.0
2013,Porcentaje,Proporción de centros educativos no universitarios con acceso a suministro básico de agua potable,España,100.0
2017,Porcentaje,Proporción de centros educativos no universitarios con acceso a suministro básico de agua potable,Aragón,100.0
2017,Porcentaje,Proporción de centros educativos no universitarios con acceso a suministro básico de agua potable,España,100.0
2023,Porcentaje,Proporción de centros educativos no universitarios con acceso a suministro básico de agua potable,España,100.0
2018,Porcentaje,Proporción de centros educativos no universitarios con acceso a suministro básico de agua potable,España,100.0
2018,Porcentaje,Proporción de centros educativos no universitarios con acceso a suministro básico de agua potable,Aragón,100.0
2012,Porcentaje,Proporción de centros educativos no universitarios con acceso a suministro básico de agua potable,Aragón,100.0
2011,Porcentaje,Proporción de centros educativos no universitarios con acceso a suministro básico de agua potable,España,100.0
2021,Porcentaje,Proporción de centros educativos no universitarios con acceso a suministro básico de agua potable,España,100.0
2020,Porcentaje,Proporción de centros educativos no universitarios con acceso a suministro básico de agua potable,España,100.0
2019,Porcentaje,Proporción de centros educativos no universitarios con acceso a suministro básico de agua potable,España,100.0
2014,Porcentaje,Proporción de centros educativos no universitarios con acceso a suministro básico de agua potable,Aragón,100.0
2016,Porcentaje,Proporción de centros educativos no universitarios con acceso a suministro básico de agua potable,Aragón,100.0
2021,Porcentaje,Proporción de centros educativos no universitarios con acceso a suministro básico de agua potable,Aragón,100.0
2016,Porcentaje,Proporción de centros educativos no universitarios con acceso a suministro básico de agua potable,España,100.0
2012,Porcentaje,Proporción de centros educativos no universitarios con acceso a suministro básico de agua potable,España,100.0
2010,Porcentaje,Proporción de centros educativos no universitarios con acceso a suministro básico de agua potable,Aragón,100.0
2010,Porcentaje,Proporción de centros educativos no universitarios con acceso a suministro básico de agua potable,España,100.0
2023,Porcentaje,Proporción de centros educativos no universitarios con acceso a suministro básico de agua potable,Aragón,100.0
2014,Porcentaje,Proporción de centros educativos no universitarios con acceso a suministro básico de agua potable,España,100.0
2019,Porcentaje,Proporción de centros educativos no universitarios con acceso a suministro básico de agua potable,Aragón,100.0
2015,Porcentaje,Proporción de centros educativos no universitarios con acceso a suministro básico de agua potable,Aragón,100.0
2022,Porcentaje,Proporción de centros educativos no universitarios con acceso a suministro básico de agua potable,Aragón,100.0
2020,Porcentaje,Proporción de centros educativos no universitarios con acceso a suministro básico de agua potable,Aragón,100.0
2015,Porcentaje,Proporción de centros educativos no universitarios con acceso a suministro básico de agua potable,España,100.0
2018,Porcentaje,Proporción de centros educativos no universitarios con acceso a instalaciones de saneamiento básicas separadas por sexo,Aragón,100.0
2013,Porcentaje,Proporción de centros educativos no universitarios con acceso a instalaciones de saneamiento básicas separadas por sexo,Aragón,100.0
2020,Porcentaje,Proporción de centros educativos no universitarios con acceso a instalaciones de saneamiento básicas separadas por sexo,España,100.0
2019,Porcentaje,Proporción de centros educativos no universitarios con acceso a instalaciones de saneamiento básicas separadas por sexo,España,100.0
2021,Porcentaje,Proporción de centros educativos no universitarios con acceso a instalaciones de saneamiento básicas separadas por sexo,España,100.0
2016,Porcentaje,Proporción de centros educativos no universitarios con acceso a instalaciones de saneamiento básicas separadas por sexo,Aragón,100.0
2011,Porcentaje,Proporción de centros educativos no universitarios con acceso a instalaciones de saneamiento básicas separadas por sexo,España,100.0
2012,Porcentaje,Proporción de centros educativos no universitarios con acceso a instalaciones de saneamiento básicas separadas por sexo,España,100.0
2022,Porcentaje,Proporción de centros educativos no universitarios con acceso a instalaciones de saneamiento básicas separadas por sexo,España,100.0
2023,Porcentaje,Proporción de centros educativos no universitarios con acceso a instalaciones de saneamiento básicas separadas por sexo,España,100.0
2017,Porcentaje,Proporción de centros educativos no universitarios con acceso a instalaciones de saneamiento básicas separadas por sexo,España,100.0
2011,Porcentaje,Proporción de centros educativos no universitarios con acceso a instalaciones de saneamiento básicas separadas por sexo,Aragón,100.0
2012,Porcentaje,Proporción de centros educativos no universitarios con acceso a instalaciones de saneamiento básicas separadas por sexo,Aragón,100.0
2016,Porcentaje,Proporción de centros educativos no universitarios con acceso a instalaciones de saneamiento básicas separadas por sexo,España,100.0
2010,Porcentaje,Proporción de centros educativos no universitarios con acceso a instalaciones de saneamiento básicas separadas por sexo,Aragón,100.0
2015,Porcentaje,Proporción de centros educativos no universitarios con acceso a instalaciones de saneamiento básicas separadas por sexo,España,100.0
2021,Porcentaje,Proporción de centros educativos no universitarios con acceso a instalaciones de saneamiento básicas separadas por sexo,Aragón,100.0
2023,Porcentaje,Proporción de centros educativos no universitarios con acceso a instalaciones de saneamiento básicas separadas por sexo,Aragón,100.0
2020,Porcentaje,Proporción de centros educativos no universitarios con acceso a instalaciones de saneamiento básicas separadas por sexo,Aragón,100.0
2010,Porcentaje,Proporción de centros educativos no universitarios con acceso a instalaciones de saneamiento básicas separadas por sexo,España,100.0
2013,Porcentaje,Proporción de centros educativos no universitarios con acceso a instalaciones de saneamiento básicas separadas por sexo,España,100.0
2017,Porcentaje,Proporción de centros educativos no universitarios con acceso a instalaciones de saneamiento básicas separadas por sexo,Aragón,100.0
2014,Porcentaje,Proporción de centros educativos no universitarios con acceso a instalaciones de saneamiento básicas separadas por sexo,Aragón,100.0
2018,Porcentaje,Proporción de centros educativos no universitarios con acceso a instalaciones de saneamiento básicas separadas por sexo,España,100.0
2022,Porcentaje,Proporción de centros educativos no universitarios con acceso a instalaciones de saneamiento básicas separadas por sexo,Aragón,100.0
2014,Porcentaje,Proporción de centros educativos no universitarios con acceso a instalaciones de saneamiento básicas separadas por sexo,España,100.0
2019,Porcentaje,Proporción de centros educativos no universitarios con acceso a instalaciones de saneamiento básicas separadas por sexo,Aragón,100.0
2015,Porcentaje,Proporción de centros educativos no universitarios con acceso a instalaciones de saneamiento básicas separadas por sexo,Aragón,100.0
2018,Porcentaje,Proporción de centros educativos no universitarios con acceso a instalaciones básicas para el lavado de manos,Aragón,100.0
2010,Porcentaje,Proporción de centros educativos no universitarios con acceso a instalaciones básicas para el lavado de manos,España,100.0
2016,Porcentaje,Proporción de centros educativos no universitarios con acceso a instalaciones básicas para el lavado de manos,España,100.0
2010,Porcentaje,Proporción de centros educativos no universitarios con acceso a instalaciones básicas para el lavado de manos,Aragón,100.0
2019,Porcentaje,Proporción de centros educativos no universitarios con acceso a instalaciones básicas para el lavado de manos,España,100.0
2011,Porcentaje,Proporción de centros educativos no universitarios con acceso a instalaciones básicas para el lavado de manos,España,100.0
2022,Porcentaje,Proporción de centros educativos no universitarios con acceso a instalaciones básicas para el lavado de manos,España,100.0
2014,Porcentaje,Proporción de centros educativos no universitarios con acceso a instalaciones básicas para el lavado de manos,Aragón,100.0
2021,Porcentaje,Proporción de centros educativos no universitarios con acceso a instalaciones básicas para el lavado de manos,Aragón,100.0
2020,Porcentaje,Proporción de centros educativos no universitarios con acceso a instalaciones básicas para el lavado de manos,Aragón,100.0
2021,Porcentaje,Proporción de centros educativos no universitarios con acceso a instalaciones básicas para el lavado de manos,España,100.0
2011,Porcentaje,Proporción de centros educativos no universitarios con acceso a instalaciones básicas para el lavado de manos,Aragón,100.0
2014,Porcentaje,Proporción de centros educativos no universitarios con acceso a instalaciones básicas para el lavado de manos,España,100.0
2013,Porcentaje,Proporción de centros educativos no universitarios con acceso a instalaciones básicas para el lavado de manos,Aragón,100.0
2012,Porcentaje,Proporción de centros educativos no universitarios con acceso a instalaciones básicas para el lavado de manos,España,100.0
2018,Porcentaje,Proporción de centros educativos no universitarios con acceso a instalaciones básicas para el lavado de manos,España,100.0
2020,Porcentaje,Proporción de centros educativos no universitarios con acceso a instalaciones básicas para el lavado de manos,España,100.0
2023,Porcentaje,Proporción de centros educativos no universitarios con acceso a instalaciones básicas para el lavado de manos,España,100.0
2022,Porcentaje,Proporción de centros educativos no universitarios con acceso a instalaciones básicas para el lavado de manos,Aragón,100.0
2012,Porcentaje,Proporción de centros educativos no universitarios con acceso a instalaciones básicas para el lavado de manos,Aragón,100.0
2015,Porcentaje,Proporción de centros educativos no universitarios con acceso a instalaciones básicas para el lavado de manos,Aragón,100.0
2019,Porcentaje,Proporción de centros educativos no universitarios con acceso a instalaciones básicas para el lavado de manos,Aragón,100.0
2017,Porcentaje,Proporción de centros educativos no universitarios con acceso a instalaciones básicas para el lavado de manos,Aragón,100.0
2016,Porcentaje,Proporción de centros educativos no universitarios con acceso a instalaciones básicas para el lavado de manos,Aragón,100.0
2023,Porcentaje,Proporción de centros educativos no universitarios con acceso a instalaciones básicas para el lavado de manos,Aragón,100.0
2015,Porcentaje,Proporción de centros educativos no universitarios con acceso a instalaciones básicas para el lavado de manos,España,100.0
2013,Porcentaje,Proporción de centros educativos no universitarios con acceso a instalaciones básicas para el lavado de manos,España,100.0
2017,Porcentaje,Proporción de centros educativos no universitarios con acceso a instalaciones básicas para el lavado de manos,España,100.0
