Year,Units,Series,Territorio,Value
2023,Porcentaje,Proporción del profesorado de educación preescolar que ha recibido al menos la mínima formación docente exigida para impartir enseñanza a ese nivel educativo,España,100
2012,Porcentaje,Proporción del profesorado de educación preescolar que ha recibido al menos la mínima formación docente exigida para impartir enseñanza a ese nivel educativo,España,100
2016,Porcentaje,Proporción del profesorado de educación preescolar que ha recibido al menos la mínima formación docente exigida para impartir enseñanza a ese nivel educativo,España,100
2022,Porcentaje,Proporción del profesorado de educación preescolar que ha recibido al menos la mínima formación docente exigida para impartir enseñanza a ese nivel educativo,España,100
2014,Porcentaje,Proporción del profesorado de educación preescolar que ha recibido al menos la mínima formación docente exigida para impartir enseñanza a ese nivel educativo,Aragón,100
2018,Porcentaje,Proporción del profesorado de educación preescolar que ha recibido al menos la mínima formación docente exigida para impartir enseñanza a ese nivel educativo,Aragón,100
2016,Porcentaje,Proporción del profesorado de educación preescolar que ha recibido al menos la mínima formación docente exigida para impartir enseñanza a ese nivel educativo,Aragón,100
2021,Porcentaje,Proporción del profesorado de educación preescolar que ha recibido al menos la mínima formación docente exigida para impartir enseñanza a ese nivel educativo,España,100
2019,Porcentaje,Proporción del profesorado de educación preescolar que ha recibido al menos la mínima formación docente exigida para impartir enseñanza a ese nivel educativo,Aragón,100
2013,Porcentaje,Proporción del profesorado de educación preescolar que ha recibido al menos la mínima formación docente exigida para impartir enseñanza a ese nivel educativo,Aragón,100
2010,Porcentaje,Proporción del profesorado de educación preescolar que ha recibido al menos la mínima formación docente exigida para impartir enseñanza a ese nivel educativo,España,100
2015,Porcentaje,Proporción del profesorado de educación preescolar que ha recibido al menos la mínima formación docente exigida para impartir enseñanza a ese nivel educativo,Aragón,100
2019,Porcentaje,Proporción del profesorado de educación preescolar que ha recibido al menos la mínima formación docente exigida para impartir enseñanza a ese nivel educativo,España,100
2014,Porcentaje,Proporción del profesorado de educación preescolar que ha recibido al menos la mínima formación docente exigida para impartir enseñanza a ese nivel educativo,España,100
2018,Porcentaje,Proporción del profesorado de educación preescolar que ha recibido al menos la mínima formación docente exigida para impartir enseñanza a ese nivel educativo,España,100
2022,Porcentaje,Proporción del profesorado de educación preescolar que ha recibido al menos la mínima formación docente exigida para impartir enseñanza a ese nivel educativo,Aragón,100
2023,Porcentaje,Proporción del profesorado de educación preescolar que ha recibido al menos la mínima formación docente exigida para impartir enseñanza a ese nivel educativo,Aragón,100
2011,Porcentaje,Proporción del profesorado de educación preescolar que ha recibido al menos la mínima formación docente exigida para impartir enseñanza a ese nivel educativo,Aragón,100
2020,Porcentaje,Proporción del profesorado de educación preescolar que ha recibido al menos la mínima formación docente exigida para impartir enseñanza a ese nivel educativo,España,100
2011,Porcentaje,Proporción del profesorado de educación preescolar que ha recibido al menos la mínima formación docente exigida para impartir enseñanza a ese nivel educativo,España,100
2017,Porcentaje,Proporción del profesorado de educación preescolar que ha recibido al menos la mínima formación docente exigida para impartir enseñanza a ese nivel educativo,España,100
2015,Porcentaje,Proporción del profesorado de educación preescolar que ha recibido al menos la mínima formación docente exigida para impartir enseñanza a ese nivel educativo,España,100
2017,Porcentaje,Proporción del profesorado de educación preescolar que ha recibido al menos la mínima formación docente exigida para impartir enseñanza a ese nivel educativo,Aragón,100
2013,Porcentaje,Proporción del profesorado de educación preescolar que ha recibido al menos la mínima formación docente exigida para impartir enseñanza a ese nivel educativo,España,100
2010,Porcentaje,Proporción del profesorado de educación preescolar que ha recibido al menos la mínima formación docente exigida para impartir enseñanza a ese nivel educativo,Aragón,100
2020,Porcentaje,Proporción del profesorado de educación preescolar que ha recibido al menos la mínima formación docente exigida para impartir enseñanza a ese nivel educativo,Aragón,100
2021,Porcentaje,Proporción del profesorado de educación preescolar que ha recibido al menos la mínima formación docente exigida para impartir enseñanza a ese nivel educativo,Aragón,100
2012,Porcentaje,Proporción del profesorado de educación preescolar que ha recibido al menos la mínima formación docente exigida para impartir enseñanza a ese nivel educativo,Aragón,100
2019,Porcentaje,Proporción del profesorado de educación primaria que ha recibido al menos la mínima formación docente exigida para impartir enseñanza a ese nivel educativo,Aragón,100
2018,Porcentaje,Proporción del profesorado de educación primaria que ha recibido al menos la mínima formación docente exigida para impartir enseñanza a ese nivel educativo,Aragón,100
2021,Porcentaje,Proporción del profesorado de educación primaria que ha recibido al menos la mínima formación docente exigida para impartir enseñanza a ese nivel educativo,España,100
2023,Porcentaje,Proporción del profesorado de educación primaria que ha recibido al menos la mínima formación docente exigida para impartir enseñanza a ese nivel educativo,Aragón,100
2010,Porcentaje,Proporción del profesorado de educación primaria que ha recibido al menos la mínima formación docente exigida para impartir enseñanza a ese nivel educativo,España,100
2017,Porcentaje,Proporción del profesorado de educación primaria que ha recibido al menos la mínima formación docente exigida para impartir enseñanza a ese nivel educativo,España,100
2016,Porcentaje,Proporción del profesorado de educación primaria que ha recibido al menos la mínima formación docente exigida para impartir enseñanza a ese nivel educativo,Aragón,100
2021,Porcentaje,Proporción del profesorado de educación primaria que ha recibido al menos la mínima formación docente exigida para impartir enseñanza a ese nivel educativo,Aragón,100
2014,Porcentaje,Proporción del profesorado de educación primaria que ha recibido al menos la mínima formación docente exigida para impartir enseñanza a ese nivel educativo,España,100
2012,Porcentaje,Proporción del profesorado de educación primaria que ha recibido al menos la mínima formación docente exigida para impartir enseñanza a ese nivel educativo,España,100
2022,Porcentaje,Proporción del profesorado de educación primaria que ha recibido al menos la mínima formación docente exigida para impartir enseñanza a ese nivel educativo,España,100
2013,Porcentaje,Proporción del profesorado de educación primaria que ha recibido al menos la mínima formación docente exigida para impartir enseñanza a ese nivel educativo,Aragón,100
2019,Porcentaje,Proporción del profesorado de educación primaria que ha recibido al menos la mínima formación docente exigida para impartir enseñanza a ese nivel educativo,España,100
2010,Porcentaje,Proporción del profesorado de educación primaria que ha recibido al menos la mínima formación docente exigida para impartir enseñanza a ese nivel educativo,Aragón,100
2023,Porcentaje,Proporción del profesorado de educación primaria que ha recibido al menos la mínima formación docente exigida para impartir enseñanza a ese nivel educativo,España,100
2015,Porcentaje,Proporción del profesorado de educación primaria que ha recibido al menos la mínima formación docente exigida para impartir enseñanza a ese nivel educativo,España,100
2022,Porcentaje,Proporción del profesorado de educación primaria que ha recibido al menos la mínima formación docente exigida para impartir enseñanza a ese nivel educativo,Aragón,100
2011,Porcentaje,Proporción del profesorado de educación primaria que ha recibido al menos la mínima formación docente exigida para impartir enseñanza a ese nivel educativo,España,100
2016,Porcentaje,Proporción del profesorado de educación primaria que ha recibido al menos la mínima formación docente exigida para impartir enseñanza a ese nivel educativo,España,100
2014,Porcentaje,Proporción del profesorado de educación primaria que ha recibido al menos la mínima formación docente exigida para impartir enseñanza a ese nivel educativo,Aragón,100
2015,Porcentaje,Proporción del profesorado de educación primaria que ha recibido al menos la mínima formación docente exigida para impartir enseñanza a ese nivel educativo,Aragón,100
2020,Porcentaje,Proporción del profesorado de educación primaria que ha recibido al menos la mínima formación docente exigida para impartir enseñanza a ese nivel educativo,Aragón,100
2013,Porcentaje,Proporción del profesorado de educación primaria que ha recibido al menos la mínima formación docente exigida para impartir enseñanza a ese nivel educativo,España,100
2018,Porcentaje,Proporción del profesorado de educación primaria que ha recibido al menos la mínima formación docente exigida para impartir enseñanza a ese nivel educativo,España,100
2017,Porcentaje,Proporción del profesorado de educación primaria que ha recibido al menos la mínima formación docente exigida para impartir enseñanza a ese nivel educativo,Aragón,100
2020,Porcentaje,Proporción del profesorado de educación primaria que ha recibido al menos la mínima formación docente exigida para impartir enseñanza a ese nivel educativo,España,100
2011,Porcentaje,Proporción del profesorado de educación primaria que ha recibido al menos la mínima formación docente exigida para impartir enseñanza a ese nivel educativo,Aragón,100
2012,Porcentaje,Proporción del profesorado de educación primaria que ha recibido al menos la mínima formación docente exigida para impartir enseñanza a ese nivel educativo,Aragón,100
2017,Porcentaje,Proporción del profesorado de educación secundaria inferior que ha recibido al menos la mínima formación docente exigida para impartir enseñanza a ese nivel educativo,Aragón,100
2022,Porcentaje,Proporción del profesorado de educación secundaria inferior que ha recibido al menos la mínima formación docente exigida para impartir enseñanza a ese nivel educativo,Aragón,100
2021,Porcentaje,Proporción del profesorado de educación secundaria inferior que ha recibido al menos la mínima formación docente exigida para impartir enseñanza a ese nivel educativo,Aragón,100
2011,Porcentaje,Proporción del profesorado de educación secundaria inferior que ha recibido al menos la mínima formación docente exigida para impartir enseñanza a ese nivel educativo,España,100
2015,Porcentaje,Proporción del profesorado de educación secundaria inferior que ha recibido al menos la mínima formación docente exigida para impartir enseñanza a ese nivel educativo,Aragón,100
2019,Porcentaje,Proporción del profesorado de educación secundaria inferior que ha recibido al menos la mínima formación docente exigida para impartir enseñanza a ese nivel educativo,Aragón,100
2014,Porcentaje,Proporción del profesorado de educación secundaria inferior que ha recibido al menos la mínima formación docente exigida para impartir enseñanza a ese nivel educativo,Aragón,100
2020,Porcentaje,Proporción del profesorado de educación secundaria inferior que ha recibido al menos la mínima formación docente exigida para impartir enseñanza a ese nivel educativo,España,100
2016,Porcentaje,Proporción del profesorado de educación secundaria inferior que ha recibido al menos la mínima formación docente exigida para impartir enseñanza a ese nivel educativo,Aragón,100
2016,Porcentaje,Proporción del profesorado de educación secundaria inferior que ha recibido al menos la mínima formación docente exigida para impartir enseñanza a ese nivel educativo,España,100
2023,Porcentaje,Proporción del profesorado de educación secundaria inferior que ha recibido al menos la mínima formación docente exigida para impartir enseñanza a ese nivel educativo,Aragón,100
2022,Porcentaje,Proporción del profesorado de educación secundaria inferior que ha recibido al menos la mínima formación docente exigida para impartir enseñanza a ese nivel educativo,España,100
2015,Porcentaje,Proporción del profesorado de educación secundaria inferior que ha recibido al menos la mínima formación docente exigida para impartir enseñanza a ese nivel educativo,España,100
2018,Porcentaje,Proporción del profesorado de educación secundaria inferior que ha recibido al menos la mínima formación docente exigida para impartir enseñanza a ese nivel educativo,Aragón,100
2017,Porcentaje,Proporción del profesorado de educación secundaria inferior que ha recibido al menos la mínima formación docente exigida para impartir enseñanza a ese nivel educativo,España,100
2020,Porcentaje,Proporción del profesorado de educación secundaria inferior que ha recibido al menos la mínima formación docente exigida para impartir enseñanza a ese nivel educativo,Aragón,100
2013,Porcentaje,Proporción del profesorado de educación secundaria inferior que ha recibido al menos la mínima formación docente exigida para impartir enseñanza a ese nivel educativo,España,100
2010,Porcentaje,Proporción del profesorado de educación secundaria inferior que ha recibido al menos la mínima formación docente exigida para impartir enseñanza a ese nivel educativo,España,100
2018,Porcentaje,Proporción del profesorado de educación secundaria inferior que ha recibido al menos la mínima formación docente exigida para impartir enseñanza a ese nivel educativo,España,100
2019,Porcentaje,Proporción del profesorado de educación secundaria inferior que ha recibido al menos la mínima formación docente exigida para impartir enseñanza a ese nivel educativo,España,100
2010,Porcentaje,Proporción del profesorado de educación secundaria inferior que ha recibido al menos la mínima formación docente exigida para impartir enseñanza a ese nivel educativo,Aragón,100
2012,Porcentaje,Proporción del profesorado de educación secundaria inferior que ha recibido al menos la mínima formación docente exigida para impartir enseñanza a ese nivel educativo,Aragón,100
2012,Porcentaje,Proporción del profesorado de educación secundaria inferior que ha recibido al menos la mínima formación docente exigida para impartir enseñanza a ese nivel educativo,España,100
2021,Porcentaje,Proporción del profesorado de educación secundaria inferior que ha recibido al menos la mínima formación docente exigida para impartir enseñanza a ese nivel educativo,España,100
2011,Porcentaje,Proporción del profesorado de educación secundaria inferior que ha recibido al menos la mínima formación docente exigida para impartir enseñanza a ese nivel educativo,Aragón,100
2013,Porcentaje,Proporción del profesorado de educación secundaria inferior que ha recibido al menos la mínima formación docente exigida para impartir enseñanza a ese nivel educativo,Aragón,100
2014,Porcentaje,Proporción del profesorado de educación secundaria inferior que ha recibido al menos la mínima formación docente exigida para impartir enseñanza a ese nivel educativo,España,100
2023,Porcentaje,Proporción del profesorado de educación secundaria inferior que ha recibido al menos la mínima formación docente exigida para impartir enseñanza a ese nivel educativo,España,100
2013,Porcentaje,Proporción del profesorado de educación secundaria superior que ha recibido al menos la mínima formación docente exigida para impartir enseñanza a ese nivel educativo,España,100
2020,Porcentaje,Proporción del profesorado de educación secundaria superior que ha recibido al menos la mínima formación docente exigida para impartir enseñanza a ese nivel educativo,España,100
2015,Porcentaje,Proporción del profesorado de educación secundaria superior que ha recibido al menos la mínima formación docente exigida para impartir enseñanza a ese nivel educativo,Aragón,100
2019,Porcentaje,Proporción del profesorado de educación secundaria superior que ha recibido al menos la mínima formación docente exigida para impartir enseñanza a ese nivel educativo,España,100
2021,Porcentaje,Proporción del profesorado de educación secundaria superior que ha recibido al menos la mínima formación docente exigida para impartir enseñanza a ese nivel educativo,Aragón,100
2016,Porcentaje,Proporción del profesorado de educación secundaria superior que ha recibido al menos la mínima formación docente exigida para impartir enseñanza a ese nivel educativo,Aragón,100
2017,Porcentaje,Proporción del profesorado de educación secundaria superior que ha recibido al menos la mínima formación docente exigida para impartir enseñanza a ese nivel educativo,Aragón,100
2010,Porcentaje,Proporción del profesorado de educación secundaria superior que ha recibido al menos la mínima formación docente exigida para impartir enseñanza a ese nivel educativo,España,100
2022,Porcentaje,Proporción del profesorado de educación secundaria superior que ha recibido al menos la mínima formación docente exigida para impartir enseñanza a ese nivel educativo,Aragón,100
2014,Porcentaje,Proporción del profesorado de educación secundaria superior que ha recibido al menos la mínima formación docente exigida para impartir enseñanza a ese nivel educativo,Aragón,100
2018,Porcentaje,Proporción del profesorado de educación secundaria superior que ha recibido al menos la mínima formación docente exigida para impartir enseñanza a ese nivel educativo,España,100
2011,Porcentaje,Proporción del profesorado de educación secundaria superior que ha recibido al menos la mínima formación docente exigida para impartir enseñanza a ese nivel educativo,España,100
2011,Porcentaje,Proporción del profesorado de educación secundaria superior que ha recibido al menos la mínima formación docente exigida para impartir enseñanza a ese nivel educativo,Aragón,100
2023,Porcentaje,Proporción del profesorado de educación secundaria superior que ha recibido al menos la mínima formación docente exigida para impartir enseñanza a ese nivel educativo,España,100
2013,Porcentaje,Proporción del profesorado de educación secundaria superior que ha recibido al menos la mínima formación docente exigida para impartir enseñanza a ese nivel educativo,Aragón,100
2018,Porcentaje,Proporción del profesorado de educación secundaria superior que ha recibido al menos la mínima formación docente exigida para impartir enseñanza a ese nivel educativo,Aragón,100
2020,Porcentaje,Proporción del profesorado de educación secundaria superior que ha recibido al menos la mínima formación docente exigida para impartir enseñanza a ese nivel educativo,Aragón,100
2019,Porcentaje,Proporción del profesorado de educación secundaria superior que ha recibido al menos la mínima formación docente exigida para impartir enseñanza a ese nivel educativo,Aragón,100
2023,Porcentaje,Proporción del profesorado de educación secundaria superior que ha recibido al menos la mínima formación docente exigida para impartir enseñanza a ese nivel educativo,Aragón,100
2021,Porcentaje,Proporción del profesorado de educación secundaria superior que ha recibido al menos la mínima formación docente exigida para impartir enseñanza a ese nivel educativo,España,100
2017,Porcentaje,Proporción del profesorado de educación secundaria superior que ha recibido al menos la mínima formación docente exigida para impartir enseñanza a ese nivel educativo,España,100
2010,Porcentaje,Proporción del profesorado de educación secundaria superior que ha recibido al menos la mínima formación docente exigida para impartir enseñanza a ese nivel educativo,Aragón,100
2022,Porcentaje,Proporción del profesorado de educación secundaria superior que ha recibido al menos la mínima formación docente exigida para impartir enseñanza a ese nivel educativo,España,100
2012,Porcentaje,Proporción del profesorado de educación secundaria superior que ha recibido al menos la mínima formación docente exigida para impartir enseñanza a ese nivel educativo,Aragón,100
2016,Porcentaje,Proporción del profesorado de educación secundaria superior que ha recibido al menos la mínima formación docente exigida para impartir enseñanza a ese nivel educativo,España,100
2014,Porcentaje,Proporción del profesorado de educación secundaria superior que ha recibido al menos la mínima formación docente exigida para impartir enseñanza a ese nivel educativo,España,100
2015,Porcentaje,Proporción del profesorado de educación secundaria superior que ha recibido al menos la mínima formación docente exigida para impartir enseñanza a ese nivel educativo,España,100
2012,Porcentaje,Proporción del profesorado de educación secundaria superior que ha recibido al menos la mínima formación docente exigida para impartir enseñanza a ese nivel educativo,España,100
