Year,Units,Series,Territorio,Value
2011,Porcentaje,Proporción de personas entre 18 y 64 años que han realizado actividades educativas en los últimos 12 meses,Aragón,42.18
2016,Porcentaje,Proporción de personas entre 18 y 64 años que han realizado actividades educativas en los últimos 12 meses,Aragón,49.32
2016,Porcentaje,Proporción de personas entre 18 y 64 años que han realizado actividades educativas en los últimos 12 meses,España,47.72
2011,Porcentaje,Proporción de personas entre 18 y 64 años que han realizado actividades educativas en los últimos 12 meses,España,41.29
2021,Porcentaje,Proporción de personas entre 25 y 64 años que han realizado estudios o formación en las últimas cuatro semanas,Aragón,15.3
2015,Porcentaje,Proporción de personas entre 25 y 64 años que han realizado estudios o formación en las últimas cuatro semanas,Aragón,11.16
2011,Porcentaje,Proporción de personas entre 25 y 64 años que han realizado estudios o formación en las últimas cuatro semanas,Aragón,12.94
2014,Porcentaje,Proporción de personas entre 25 y 64 años que han realizado estudios o formación en las últimas cuatro semanas,Aragón,11.07
2017,Porcentaje,Proporción de personas entre 25 y 64 años que han realizado estudios o formación en las últimas cuatro semanas,Aragón,12.12
2019,Porcentaje,Proporción de personas entre 25 y 64 años que han realizado estudios o formación en las últimas cuatro semanas,Aragón,9.73
2022,Porcentaje,Proporción de personas entre 25 y 64 años que han realizado estudios o formación en las últimas cuatro semanas,Aragón,15.94
2018,Porcentaje,Proporción de personas entre 25 y 64 años que han realizado estudios o formación en las últimas cuatro semanas,Aragón,12.07
2020,Porcentaje,Proporción de personas entre 25 y 64 años que han realizado estudios o formación en las últimas cuatro semanas,Aragón,10.89
2011,Porcentaje,Proporción de personas entre 25 y 64 años que han realizado estudios o formación en las últimas cuatro semanas,España,11.18
2016,Porcentaje,Proporción de personas entre 25 y 64 años que han realizado estudios o formación en las últimas cuatro semanas,Aragón,11.38
2010,Porcentaje,Proporción de personas entre 25 y 64 años que han realizado estudios o formación en las últimas cuatro semanas,Aragón,12.03
2018,Porcentaje,Proporción de personas entre 25 y 64 años que han realizado estudios o formación en las últimas cuatro semanas,España,10.48
2021,Porcentaje,Proporción de personas entre 25 y 64 años que han realizado estudios o formación en las últimas cuatro semanas,España,14.36
2010,Porcentaje,Proporción de personas entre 25 y 64 años que han realizado estudios o formación en las últimas cuatro semanas,España,11.16
2023,Porcentaje,Proporción de personas entre 25 y 64 años que han realizado estudios o formación en las últimas cuatro semanas,Aragón,16.31
2020,Porcentaje,Proporción de personas entre 25 y 64 años que han realizado estudios o formación en las últimas cuatro semanas,España,11.0
2022,Porcentaje,Proporción de personas entre 25 y 64 años que han realizado estudios o formación en las últimas cuatro semanas,España,15.28
2013,Porcentaje,Proporción de personas entre 25 y 64 años que han realizado estudios o formación en las últimas cuatro semanas,Aragón,12.53
2014,Porcentaje,Proporción de personas entre 25 y 64 años que han realizado estudios o formación en las últimas cuatro semanas,España,10.11
2012,Porcentaje,Proporción de personas entre 25 y 64 años que han realizado estudios o formación en las últimas cuatro semanas,Aragón,12.57
2013,Porcentaje,Proporción de personas entre 25 y 64 años que han realizado estudios o formación en las últimas cuatro semanas,España,11.37
2016,Porcentaje,Proporción de personas entre 25 y 64 años que han realizado estudios o formación en las últimas cuatro semanas,España,9.39
2015,Porcentaje,Proporción de personas entre 25 y 64 años que han realizado estudios o formación en las últimas cuatro semanas,España,9.91
2017,Porcentaje,Proporción de personas entre 25 y 64 años que han realizado estudios o formación en las últimas cuatro semanas,España,9.86
2012,Porcentaje,Proporción de personas entre 25 y 64 años que han realizado estudios o formación en las últimas cuatro semanas,España,11.17
2019,Porcentaje,Proporción de personas entre 25 y 64 años que han realizado estudios o formación en las últimas cuatro semanas,España,10.65
2017,Porcentaje,Proporción de personas entre 15 y 24 años que han realizado estudios o formación en las últimas cuatro semanas,España,73.05
2011,Porcentaje,Proporción de personas entre 15 y 24 años que han realizado estudios o formación en las últimas cuatro semanas,España,66.14
2023,Porcentaje,Proporción de personas entre 15 y 24 años que han realizado estudios o formación en las últimas cuatro semanas,Aragón,78.91
2014,Porcentaje,Proporción de personas entre 15 y 24 años que han realizado estudios o formación en las últimas cuatro semanas,Aragón,74.64
2015,Porcentaje,Proporción de personas entre 15 y 24 años que han realizado estudios o formación en las últimas cuatro semanas,España,72.02
2013,Porcentaje,Proporción de personas entre 15 y 24 años que han realizado estudios o formación en las últimas cuatro semanas,Aragón,73.58
2012,Porcentaje,Proporción de personas entre 15 y 24 años que han realizado estudios o formación en las últimas cuatro semanas,Aragón,71.35
2017,Porcentaje,Proporción de personas entre 15 y 24 años que han realizado estudios o formación en las últimas cuatro semanas,Aragón,74.67
2014,Porcentaje,Proporción de personas entre 15 y 24 años que han realizado estudios o formación en las últimas cuatro semanas,España,71.52
2012,Porcentaje,Proporción de personas entre 15 y 24 años que han realizado estudios o formación en las últimas cuatro semanas,España,68.52
2016,Porcentaje,Proporción de personas entre 15 y 24 años que han realizado estudios o formación en las últimas cuatro semanas,Aragón,74.16
2018,Porcentaje,Proporción de personas entre 15 y 24 años que han realizado estudios o formación en las últimas cuatro semanas,España,73.59
2010,Porcentaje,Proporción de personas entre 15 y 24 años que han realizado estudios o formación en las últimas cuatro semanas,España,64.55
2011,Porcentaje,Proporción de personas entre 15 y 24 años que han realizado estudios o formación en las últimas cuatro semanas,Aragón,67.69
2013,Porcentaje,Proporción de personas entre 15 y 24 años que han realizado estudios o formación en las últimas cuatro semanas,España,69.98
2019,Porcentaje,Proporción de personas entre 15 y 24 años que han realizado estudios o formación en las últimas cuatro semanas,Aragón,75.82
2020,Porcentaje,Proporción de personas entre 15 y 24 años que han realizado estudios o formación en las últimas cuatro semanas,España,74.1
2021,Porcentaje,Proporción de personas entre 15 y 24 años que han realizado estudios o formación en las últimas cuatro semanas,España,76.97
2020,Porcentaje,Proporción de personas entre 15 y 24 años que han realizado estudios o formación en las últimas cuatro semanas,Aragón,72.49
2022,Porcentaje,Proporción de personas entre 15 y 24 años que han realizado estudios o formación en las últimas cuatro semanas,España,75.99
2022,Porcentaje,Proporción de personas entre 15 y 24 años que han realizado estudios o formación en las últimas cuatro semanas,Aragón,77.84
2016,Porcentaje,Proporción de personas entre 15 y 24 años que han realizado estudios o formación en las últimas cuatro semanas,España,72.98
2021,Porcentaje,Proporción de personas entre 15 y 24 años que han realizado estudios o formación en las últimas cuatro semanas,Aragón,77.68
2015,Porcentaje,Proporción de personas entre 15 y 24 años que han realizado estudios o formación en las últimas cuatro semanas,Aragón,74.67
2019,Porcentaje,Proporción de personas entre 15 y 24 años que han realizado estudios o formación en las últimas cuatro semanas,España,73.37
2018,Porcentaje,Proporción de personas entre 15 y 24 años que han realizado estudios o formación en las últimas cuatro semanas,Aragón,75.0
2010,Porcentaje,Proporción de personas entre 15 y 24 años que han realizado estudios o formación en las últimas cuatro semanas,Aragón,67.55
2010,Porcentaje,Proporción de personas entre 15 y 64 años que han realizado estudios o formación en las últimas cuatro semanas,Aragón,20.31
2010,Porcentaje,Proporción de personas entre 15 y 64 años que han realizado estudios o formación en las últimas cuatro semanas,España,19.36
2012,Porcentaje,Proporción de personas entre 15 y 64 años que han realizado estudios o formación en las últimas cuatro semanas,Aragón,20.87
2012,Porcentaje,Proporción de personas entre 15 y 64 años que han realizado estudios o formación en las últimas cuatro semanas,España,19.65
2022,Porcentaje,Proporción de personas entre 15 y 64 años que han realizado estudios o formación en las últimas cuatro semanas,España,24.94
2011,Porcentaje,Proporción de personas entre 15 y 64 años que han realizado estudios o formación en las últimas cuatro semanas,Aragón,20.82
2014,Porcentaje,Proporción de personas entre 15 y 64 años que han realizado estudios o formación en las últimas cuatro semanas,Aragón,19.92
2021,Porcentaje,Proporción de personas entre 15 y 64 años que han realizado estudios o formación en las últimas cuatro semanas,España,24.11
2019,Porcentaje,Proporción de personas entre 15 y 64 años que han realizado estudios o formación en las últimas cuatro semanas,España,20.12
2014,Porcentaje,Proporción de personas entre 15 y 64 años que han realizado estudios o formación en las últimas cuatro semanas,España,19.06
2018,Porcentaje,Proporción de personas entre 15 y 64 años que han realizado estudios o formación en las últimas cuatro semanas,Aragón,21.19
2021,Porcentaje,Proporción de personas entre 15 y 64 años que han realizado estudios o formación en las últimas cuatro semanas,Aragón,24.87
2011,Porcentaje,Proporción de personas entre 15 y 64 años que han realizado estudios o formación en las últimas cuatro semanas,España,19.43
2020,Porcentaje,Proporción de personas entre 15 y 64 años que han realizado estudios o formación en las últimas cuatro semanas,España,20.7
2023,Porcentaje,Proporción de personas entre 15 y 64 años que han realizado estudios o formación en las últimas cuatro semanas,Aragón,26.42
2019,Porcentaje,Proporción de personas entre 15 y 64 años que han realizado estudios o formación en las últimas cuatro semanas,Aragón,19.77
2013,Porcentaje,Proporción de personas entre 15 y 64 años que han realizado estudios o formación en las últimas cuatro semanas,España,19.95
2013,Porcentaje,Proporción de personas entre 15 y 64 años que han realizado estudios o formación en las últimas cuatro semanas,Aragón,21.0
2017,Porcentaje,Proporción de personas entre 15 y 64 años que han realizado estudios o formación en las últimas cuatro semanas,España,19.17
2015,Porcentaje,Proporción de personas entre 15 y 64 años que han realizado estudios o formación en las últimas cuatro semanas,España,18.98
2020,Porcentaje,Proporción de personas entre 15 y 64 años que han realizado estudios o formación en las últimas cuatro semanas,Aragón,20.3
2022,Porcentaje,Proporción de personas entre 15 y 64 años que han realizado estudios o formación en las últimas cuatro semanas,Aragón,25.67
2015,Porcentaje,Proporción de personas entre 15 y 64 años que han realizado estudios o formación en las últimas cuatro semanas,Aragón,20.23
2017,Porcentaje,Proporción de personas entre 15 y 64 años que han realizado estudios o formación en las últimas cuatro semanas,Aragón,21.08
2016,Porcentaje,Proporción de personas entre 15 y 64 años que han realizado estudios o formación en las últimas cuatro semanas,España,18.69
2016,Porcentaje,Proporción de personas entre 15 y 64 años que han realizado estudios o formación en las últimas cuatro semanas,Aragón,20.19
2018,Porcentaje,Proporción de personas entre 15 y 64 años que han realizado estudios o formación en las últimas cuatro semanas,España,19.88
